,number,value,datetime_start,datetime_complete,duration,params_batch_size,params_hidden_dim,params_latent_dim,params_learning_rate,params_patience,state
0,0,0.1247925023548305,2024-12-25 11:15:28.857942,2024-12-25 11:33:43.651988,0 days 00:18:14.794046,16,448,32,0.023763956682179514,5,COMPLETE
1,1,0.12453760637925203,2024-12-25 11:15:28.873576,2024-12-25 11:50:51.356122,0 days 00:35:22.482546,8,512,96,0.009958961728776203,9,COMPLETE
2,2,0.09031850829099615,2024-12-25 11:15:28.873576,2024-12-25 11:34:34.902036,0 days 00:19:06.028460,32,448,64,0.005503967618321748,4,COMPLETE
3,3,0.0971866765835633,2024-12-25 11:15:28.873576,2024-12-25 11:33:16.307846,0 days 00:17:47.434270,16,128,96,0.0027882769999004573,6,COMPLETE
4,4,0.09169692168943584,2024-12-25 11:15:28.873576,2024-12-25 12:54:22.960207,0 days 01:38:54.086631,16,256,32,1.5109907732722764e-05,8,COMPLETE
5,5,0.08804170739216109,2024-12-25 11:15:28.889190,2024-12-25 13:06:52.433891,0 days 01:51:23.544701,16,512,96,3.749678578080826e-05,9,COMPLETE
6,6,0.08707892304907243,2024-12-25 11:15:28.889190,2024-12-25 11:52:43.112991,0 days 00:37:14.223801,64,448,96,0.0022865421710479084,8,COMPLETE
7,7,0.08868699847180553,2024-12-25 11:15:28.889190,2024-12-25 14:33:51.373458,0 days 03:18:22.484268,8,384,32,7.229104856020079e-05,10,COMPLETE
8,8,0.08798320981053015,2024-12-25 11:15:28.889190,2024-12-25 13:01:00.854874,0 days 01:45:31.965684,16,384,128,2.5487172890904083e-05,9,COMPLETE
9,9,0.08838797568654021,2024-12-25 11:15:28.889190,2024-12-25 12:47:52.740075,0 days 01:32:23.850885,16,128,128,0.0008100832751453042,7,COMPLETE
10,10,0.08743465612759861,2024-12-25 11:15:28.889190,2024-12-25 12:35:27.961386,0 days 01:19:59.072196,8,128,32,0.0018136979144540316,7,COMPLETE
11,11,0.09101295458773771,2024-12-25 11:15:28.904816,2024-12-25 11:34:29.464509,0 days 00:19:00.559693,64,64,64,0.020128804514307028,8,COMPLETE
12,12,0.08928877608850598,2024-12-25 11:15:28.904816,2024-12-25 11:58:17.701312,0 days 00:42:48.796496,32,384,32,0.01003682799036904,5,COMPLETE
13,13,0.08579807535220846,2024-12-25 11:15:28.904816,2024-12-25 14:37:43.351828,0 days 03:22:14.447012,8,320,128,0.00021251091009141248,10,COMPLETE
14,14,0.12391778845340014,2024-12-25 11:15:28.904816,2024-12-25 11:20:54.266550,0 days 00:05:25.361734,32,128,128,0.045840309081227326,4,COMPLETE
15,15,0.08917433582246304,2024-12-25 11:15:28.920440,2024-12-25 11:29:22.899127,0 days 00:13:53.978687,32,256,64,0.005828667604840031,3,COMPLETE
16,16,,2024-12-25 11:20:54.266550,2024-12-25 11:30:29.836633,0 days 00:09:35.570083,32,448,128,0.034473704541370706,9,FAIL
17,17,0.08908699226255218,2024-12-25 11:29:22.914750,2024-12-25 13:11:22.939377,0 days 01:42:00.024627,16,192,96,0.0006941539901604934,7,COMPLETE
18,18,0.09097592605588337,2024-12-25 11:30:29.852257,2024-12-25 12:30:12.211166,0 days 00:59:42.358909,16,256,32,0.012834950144245372,8,COMPLETE
19,19,0.09014548243333896,2024-12-25 11:33:16.307846,2024-12-25 11:53:56.129856,0 days 00:20:39.822010,64,512,32,0.00039200780819989486,10,COMPLETE
20,20,0.0876862117399772,2024-12-25 11:33:43.651988,2024-12-25 13:23:37.762033,0 days 01:49:54.110045,16,320,32,0.000914077799797678,9,COMPLETE
21,21,0.09350783340632915,2024-12-25 11:34:29.464509,2024-12-25 11:39:57.574357,0 days 00:05:28.109848,64,512,64,0.0031891269044568736,6,COMPLETE
22,22,0.08724579375487666,2024-12-25 11:34:34.917611,2024-12-25 14:39:35.459867,0 days 03:05:00.542256,8,256,32,7.347298463985663e-05,6,COMPLETE
23,23,0.08687125941117604,2024-12-25 11:39:57.589972,2024-12-25 12:14:51.638597,0 days 00:34:54.048625,64,512,128,1.849087108231044e-05,10,COMPLETE
24,24,0.08620089082978666,2024-12-25 11:50:51.365448,2024-12-25 13:30:05.088388,0 days 01:39:13.722940,16,128,32,0.000543414634372745,7,COMPLETE
25,25,0.12635454144328834,2024-12-25 11:52:43.120139,2024-12-25 12:06:07.544500,0 days 00:13:24.424361,32,320,64,0.019888710566904923,4,COMPLETE
26,26,0.08725706145887364,2024-12-25 11:53:56.137139,2024-12-25 15:02:08.541543,0 days 03:08:12.404404,8,320,128,6.66240237762767e-05,8,COMPLETE
27,27,0.08731643261560121,2024-12-25 11:58:17.707298,2024-12-25 15:02:23.718365,0 days 03:04:06.011067,8,256,128,3.050596609101144e-05,8,COMPLETE
28,28,0.08852493184610825,2024-12-25 12:06:07.555787,2024-12-25 15:10:40.016981,0 days 03:04:32.461194,8,256,128,2.3803619784888663e-05,8,COMPLETE
29,29,0.09189421112338701,2024-12-25 12:14:51.645741,2024-12-25 12:50:00.607627,0 days 00:35:08.961886,64,384,128,1.45959142771615e-05,8,COMPLETE
30,30,0.09110148623585701,2024-12-25 12:30:12.218255,2024-12-25 13:17:20.013402,0 days 00:47:07.795147,64,384,128,1.1349642331817468e-05,10,COMPLETE
31,31,0.09156936345001061,2024-12-25 12:35:27.968603,2024-12-25 13:23:35.083966,0 days 00:48:07.115363,64,384,128,1.4170698137743428e-05,10,COMPLETE
32,32,0.09243120203415553,2024-12-25 12:47:52.748585,2024-12-25 13:40:45.784901,0 days 00:52:53.036316,64,384,128,3.332714199718079e-05,10,COMPLETE
33,33,0.0881241229052345,2024-12-25 12:50:00.617639,2024-12-25 13:40:54.601189,0 days 00:50:53.983550,64,448,96,0.00010567788048327053,10,COMPLETE
34,34,0.0883436959857742,2024-12-25 12:54:22.963285,2024-12-25 13:48:13.712960,0 days 00:53:50.749675,64,448,96,0.00013614612181466352,10,COMPLETE
35,35,0.08778476764758428,2024-12-25 13:01:00.861438,2024-12-25 13:53:34.180939,0 days 00:52:33.319501,64,448,96,0.00011946399603070812,10,COMPLETE
36,36,0.08799709553519884,2024-12-25 13:06:52.440324,2024-12-25 13:58:40.720096,0 days 00:51:48.279772,64,448,96,0.00015701580380896268,10,COMPLETE
37,37,0.08718670623674363,2024-12-25 13:11:22.960868,2024-12-25 16:02:35.186562,0 days 02:51:12.225694,8,448,96,0.00020377199066468437,10,COMPLETE
38,38,0.08475383251373257,2024-12-25 13:17:20.023935,2024-12-25 16:07:45.159816,0 days 02:50:25.135881,8,448,96,0.00018393207063419938,10,COMPLETE
39,39,0.08621605194541586,2024-12-25 13:23:35.095523,2024-12-25 16:05:53.199277,0 days 02:42:18.103754,8,448,96,9.728128404188691e-05,7,COMPLETE
40,40,0.08902268157097973,2024-12-25 13:23:37.771563,2024-12-25 16:06:39.552143,0 days 02:43:01.780580,8,448,96,0.00012835355752823484,7,COMPLETE
41,41,0.09167849098642668,2024-12-25 13:30:05.097910,2024-12-25 14:11:35.533727,0 days 00:41:30.435817,64,448,96,0.00013887638966748688,6,COMPLETE
42,42,0.087769280684491,2024-12-25 13:40:45.795430,2024-12-25 14:10:11.257244,0 days 00:29:25.461814,64,448,96,0.00014882174180671283,6,COMPLETE
43,43,0.08780454758930356,2024-12-25 13:40:54.615731,2024-12-25 15:26:56.326919,0 days 01:46:01.711188,8,64,96,0.00018151611274558156,6,COMPLETE
44,44,0.09327798672020435,2024-12-25 13:48:13.721497,2024-12-25 14:13:07.901550,0 days 00:24:54.180053,64,64,96,0.00021040590140836564,6,COMPLETE
45,45,0.08813108069462185,2024-12-25 13:53:34.203060,2024-12-25 15:29:26.406835,0 days 01:35:52.203775,8,64,64,0.00034607499085083767,6,COMPLETE
46,46,0.08811493198379498,2024-12-25 13:58:40.720096,2024-12-25 15:36:01.501533,0 days 01:37:20.781437,8,64,64,0.0004011217199363147,6,COMPLETE
47,47,0.08868902247054737,2024-12-25 14:10:11.272870,2024-12-25 16:21:14.691637,0 days 02:11:03.418767,8,64,32,0.001627101987675682,7,COMPLETE
48,48,0.08903525005869505,2024-12-25 14:11:35.533727,2024-12-25 16:23:15.478325,0 days 02:11:39.944598,8,64,32,0.0014810944924760821,7,COMPLETE
49,49,0.08835995976789658,2024-12-25 14:13:07.901550,2024-12-25 16:32:35.052530,0 days 02:19:27.150980,8,192,32,0.001911758859317673,7,COMPLETE
50,50,0.08602892936935194,2024-12-25 14:33:51.389084,2024-12-25 17:03:02.721761,0 days 02:29:11.332677,8,192,64,0.0021885174776645855,7,COMPLETE
51,51,0.0898135947611402,2024-12-25 14:37:43.351828,2024-12-25 17:08:09.108553,0 days 02:30:25.756725,8,192,128,0.001645940022841685,9,COMPLETE
52,52,0.08976778949164793,2024-12-25 14:39:35.475511,2024-12-25 17:07:41.608064,0 days 02:28:06.132553,8,192,128,0.0014036311634002907,9,COMPLETE
53,53,0.0886009579461788,2024-12-25 15:02:08.549658,2024-12-25 16:38:48.877216,0 days 01:36:40.327558,8,192,64,0.0004870662781788226,9,COMPLETE
54,54,0.08838637829014734,2024-12-25 15:02:23.726492,2024-12-25 17:38:17.148770,0 days 02:35:53.422278,8,192,64,0.00033745085329025187,9,COMPLETE
55,55,0.0877566682800901,2024-12-25 15:10:40.024102,2024-12-25 17:52:25.933533,0 days 02:41:45.909431,8,192,64,0.00042135540627421397,9,COMPLETE
56,56,0.08865231669818362,2024-12-25 15:26:56.335018,2024-12-25 16:00:32.714414,0 days 00:33:36.379396,16,192,64,0.000431089274318065,9,COMPLETE
57,57,0.08932500053197145,2024-12-25 15:29:26.413939,2024-12-25 17:22:44.628631,0 days 01:53:18.214692,8,192,32,0.0004044315704658379,5,COMPLETE
58,58,0.08998080397009098,2024-12-25 15:36:01.508751,2024-12-25 16:51:15.278781,0 days 01:15:13.770030,8,192,32,0.0015844997266661375,9,COMPLETE
59,59,0.09039479074608378,2024-12-25 16:00:32.721583,2024-12-25 19:05:10.013515,0 days 03:04:37.291932,8,512,32,5.713042516886249e-05,7,COMPLETE
60,60,0.0882243812866822,2024-12-25 16:02:35.192913,2024-12-25 17:14:09.935412,0 days 01:11:34.742499,8,512,128,0.001616508977158685,9,COMPLETE
61,61,0.08838790295024714,2024-12-25 16:05:53.205435,2024-12-25 17:49:10.796238,0 days 01:43:17.590803,16,512,128,0.0011981583467258446,7,COMPLETE
62,62,0.08834534236229956,2024-12-25 16:06:39.558142,2024-12-25 17:50:22.671911,0 days 01:43:43.113769,16,512,128,0.0014842210435206719,9,COMPLETE
63,63,0.08603298392522485,2024-12-25 16:07:45.170993,2024-12-25 19:25:39.699939,0 days 03:17:54.528946,8,512,128,0.001346671201959356,9,COMPLETE
64,64,0.08795018868223459,2024-12-25 16:21:14.698795,2024-12-25 19:42:22.871173,0 days 03:21:08.172378,8,512,128,5.1033518220484913e-05,9,COMPLETE
65,65,0.09007873594140013,2024-12-25 16:23:15.486453,2024-12-25 18:09:54.242847,0 days 01:46:38.756394,16,512,128,4.834853121989768e-05,9,COMPLETE
66,66,0.08801508038304746,2024-12-25 16:32:35.061645,2024-12-25 18:20:19.972282,0 days 01:47:44.910637,16,512,128,5.280561015521878e-05,9,COMPLETE
67,67,0.08796874703839422,2024-12-25 16:38:48.886758,2024-12-25 18:26:24.144391,0 days 01:47:35.257633,16,512,128,4.991666136760707e-05,9,COMPLETE
68,68,0.0873685519521435,2024-12-25 16:51:15.286978,2024-12-25 18:40:37.460969,0 days 01:49:22.173991,16,512,128,5.5329058234987245e-05,5,COMPLETE
69,69,0.09050387445216378,2024-12-25 17:03:02.732556,2024-12-25 17:23:37.251587,0 days 00:20:34.519031,16,512,128,0.00027900573783936315,5,COMPLETE
70,70,0.08727158242836594,2024-12-25 17:07:41.615193,2024-12-25 18:53:40.662480,0 days 01:45:59.047287,16,512,128,5.5519509662696955e-05,5,COMPLETE
71,71,0.0922966827172786,2024-12-25 17:08:09.115963,2024-12-25 17:28:31.513796,0 days 00:20:22.397833,16,512,64,0.004071293571451812,5,COMPLETE
72,72,0.08887346715976795,2024-12-25 17:14:09.941413,2024-12-25 18:46:43.763283,0 days 01:32:33.821870,16,128,64,5.103231718270787e-05,5,COMPLETE
73,73,0.08932973357538382,2024-12-25 17:22:44.637030,2024-12-25 18:18:26.107054,0 days 00:55:41.470024,16,128,64,5.002130006440433e-05,3,COMPLETE
74,74,0.08783571931223075,2024-12-25 17:23:37.264748,2024-12-25 18:55:53.693547,0 days 01:32:16.428799,16,128,64,5.220846395520711e-05,8,COMPLETE
75,75,0.09056422368933757,2024-12-25 17:28:31.523273,2024-12-25 18:07:13.498615,0 days 00:38:41.975342,32,128,64,4.9321469452221804e-05,3,COMPLETE
76,76,0.09328770264983177,2024-12-25 17:38:17.157102,2024-12-25 18:07:53.936345,0 days 00:29:36.779243,32,128,96,6.980515089302481e-05,3,COMPLETE
77,77,0.09122366048395633,2024-12-25 17:49:10.799237,2024-12-25 18:43:50.544161,0 days 00:54:39.744924,32,320,96,0.0006926663670418635,8,COMPLETE
78,78,0.08727340884506703,2024-12-25 17:50:22.685300,2024-12-25 18:26:45.371838,0 days 00:36:22.686538,32,128,96,0.0006467287377838397,8,COMPLETE
79,79,0.09021882916179796,2024-12-25 17:52:25.938534,2024-12-25 19:22:58.490172,0 days 01:30:32.551638,16,128,96,4.6571026398171726e-05,8,COMPLETE
80,80,0.08834843433772524,2024-12-25 18:07:13.498615,2024-12-25 19:02:09.504395,0 days 00:54:56.005780,32,320,96,0.0006281533087691913,8,COMPLETE
81,81,0.08859547000999252,2024-12-25 18:07:53.936345,2024-12-25 19:41:22.452784,0 days 01:33:28.516439,16,320,96,0.005836489366369535,8,COMPLETE
82,82,0.088263116342326,2024-12-25 18:09:54.242847,2024-12-25 18:18:54.288662,0 days 00:09:00.045815,64,320,96,0.0006730957475492206,8,COMPLETE
83,83,0.08713059630244971,2024-12-25 18:18:26.107054,2024-12-25 18:51:41.311071,0 days 00:33:15.204017,64,320,96,0.0006751708601815811,8,COMPLETE
84,84,0.08980575188373525,2024-12-25 18:18:54.304250,2024-12-25 18:44:07.924918,0 days 00:25:13.620668,32,384,96,0.006806874675787905,8,COMPLETE
85,85,0.09212159806241592,2024-12-25 18:20:19.987899,2024-12-25 18:43:26.628802,0 days 00:23:06.640903,32,384,96,0.005545356202324048,7,COMPLETE
86,86,0.08982682550946872,2024-12-25 18:26:24.159996,2024-12-25 18:44:07.940546,0 days 00:17:43.780550,32,384,96,0.00705054495605532,7,COMPLETE
87,87,0.0888057119064346,2024-12-25 18:26:45.387487,2024-12-25 20:16:45.871882,0 days 01:50:00.484395,8,448,96,0.00024445485171591504,10,COMPLETE
88,88,0.088613774134394,2024-12-25 18:40:37.460969,2024-12-25 21:43:04.866369,0 days 03:02:27.405400,8,384,96,0.0002262742126226148,10,COMPLETE
89,89,0.08612908307118576,2024-12-25 18:43:26.628802,2024-12-25 21:47:28.268038,0 days 03:04:01.639236,8,448,96,0.0028483503573352334,10,COMPLETE
90,90,0.08605250664556227,2024-12-25 18:43:50.544161,2024-12-25 21:48:14.872799,0 days 03:04:24.328638,8,448,96,0.002388663040806176,10,COMPLETE
91,91,0.08799374530076229,2024-12-25 18:44:07.940546,2024-12-25 21:47:36.446369,0 days 03:03:28.505823,8,448,96,0.00023290199719319164,10,COMPLETE
92,92,0.08965045386659247,2024-12-25 18:44:07.956187,2024-12-25 21:47:50.259752,0 days 03:03:42.303565,8,448,96,9.511324027718978e-05,10,COMPLETE
93,93,0.08837658106623326,2024-12-25 18:46:43.763283,2024-12-25 21:17:24.657892,0 days 02:30:40.894609,8,448,96,0.0002492450135668028,10,COMPLETE
94,94,0.09058640201886495,2024-12-25 18:51:41.326699,2024-12-25 19:15:58.597553,0 days 00:24:17.270854,64,256,96,0.0023332085953590392,10,COMPLETE
95,95,0.0880242864911755,2024-12-25 18:53:40.678102,2024-12-25 19:26:35.477397,0 days 00:32:54.799295,64,256,96,9.913243992461609e-05,10,COMPLETE
96,96,0.08924900845934948,2024-12-25 18:55:53.693547,2024-12-25 19:31:44.242637,0 days 00:35:50.549090,64,320,96,0.0026883698626245923,10,COMPLETE
97,97,0.08909787088632584,2024-12-25 19:02:09.520023,2024-12-25 19:42:40.281833,0 days 00:40:30.761810,64,448,96,0.0002695561736190638,10,COMPLETE
98,98,0.08979029978315035,2024-12-25 19:05:10.029133,2024-12-25 19:45:55.193587,0 days 00:40:45.164454,64,448,96,0.002267412539126753,10,COMPLETE
99,99,0.08706811803082624,2024-12-25 19:15:58.613157,2024-12-25 19:55:37.836877,0 days 00:39:39.223720,64,448,96,9.761986033392867e-05,10,COMPLETE
100,100,0.08984637539833784,2024-12-25 19:22:58.505803,2024-12-25 20:02:20.010057,0 days 00:39:21.504254,64,448,96,0.0002510110980895899,10,COMPLETE
101,101,0.08804495663692553,2024-12-25 19:25:39.699939,2024-12-25 20:04:35.876403,0 days 00:38:56.176464,64,448,96,9.591232480343127e-05,10,COMPLETE
102,102,0.08908744882792234,2024-12-25 19:26:35.477397,2024-12-25 19:44:21.821862,0 days 00:17:46.344465,64,448,96,0.0036099081656176053,10,COMPLETE
103,103,0.08689424759481384,2024-12-25 19:31:44.258256,2024-12-25 22:31:21.628635,0 days 02:59:37.370379,8,448,128,0.00026073211385747104,10,COMPLETE
104,104,0.08680486985083137,2024-12-25 19:41:22.452784,2024-12-25 22:36:08.615705,0 days 02:54:46.162921,8,448,128,0.0009698730516702237,10,COMPLETE
105,105,,2024-12-25 19:42:22.871173,2024-12-25 20:14:23.319550,0 days 00:32:00.448377,8,448,128,0.08809593425312422,10,FAIL
106,106,0.09215690031992037,2024-12-25 19:42:40.281833,2024-12-25 20:14:56.553210,0 days 00:32:16.271377,8,448,128,0.0037636424462047227,7,COMPLETE
107,107,0.08596646943043511,2024-12-25 19:44:21.821862,2024-12-25 22:37:28.932394,0 days 02:53:07.110532,8,448,96,0.0009205688597285933,10,COMPLETE
108,108,0.0894952310139642,2024-12-25 19:45:55.193587,2024-12-25 22:40:45.356339,0 days 02:54:50.162752,8,448,96,0.0009816623110318271,10,COMPLETE
109,109,0.08554175729323335,2024-12-25 19:55:37.836877,2024-12-25 21:50:12.580792,0 days 01:54:34.743915,8,448,128,0.0011032741715179034,10,COMPLETE
110,110,0.08668404160177007,2024-12-25 20:02:20.025713,2024-12-25 22:06:19.676157,0 days 02:03:59.650444,8,448,128,0.0009910953098252555,7,COMPLETE
111,111,0.09083454971428678,2024-12-25 20:04:35.876403,2024-12-25 22:57:36.933956,0 days 02:53:01.057553,8,384,128,0.001203100035691993,7,COMPLETE
112,112,0.08696155514599395,2024-12-25 20:14:23.319550,2024-12-25 23:01:31.173284,0 days 02:47:07.853734,8,384,128,0.0009868103743543974,7,COMPLETE
113,113,0.08928606857177841,2024-12-25 20:14:56.553210,2024-12-25 22:40:39.950074,0 days 02:25:43.396864,8,384,128,0.0010631707704185586,7,COMPLETE
114,114,0.08835754107621287,2024-12-25 20:16:45.887504,2024-12-25 23:07:04.667307,0 days 02:50:18.779803,8,384,128,0.0009523403832623574,7,COMPLETE
115,115,0.08770318297246675,2024-12-25 21:17:24.657892,2024-12-25 22:44:07.540525,0 days 01:26:42.882633,8,384,128,0.001020438994019387,7,COMPLETE
116,116,0.08986017853021622,2024-12-25 21:43:04.866369,2024-12-25 21:57:59.274783,0 days 00:14:54.408414,64,384,128,0.0009422546052446427,7,COMPLETE
117,117,0.08738686933236964,2024-12-25 21:47:28.278483,2024-12-26 00:46:47.998909,0 days 02:59:19.720426,8,448,128,1.9932977527029183e-05,10,COMPLETE
118,118,0.08775569913329698,2024-12-25 21:47:36.446369,2024-12-26 00:35:42.809968,0 days 02:48:06.363599,8,384,128,0.0010562232189255882,7,COMPLETE
119,119,0.09014138380582092,2024-12-25 21:47:50.275405,2024-12-25 23:05:40.847522,0 days 01:17:50.572117,8,384,128,0.0008999561471440205,7,COMPLETE
120,120,0.08550389757489457,2024-12-25 21:48:14.872799,2024-12-26 00:46:07.623081,0 days 02:57:52.750282,8,448,128,0.0009946244298309028,10,COMPLETE
121,121,0.08797229614359241,2024-12-25 21:50:12.580792,2024-12-26 00:46:46.795796,0 days 02:56:34.215004,8,384,128,0.0009196715845250044,10,COMPLETE
122,122,0.08900919981582575,2024-12-25 21:57:59.290402,2024-12-26 00:55:24.001655,0 days 02:57:24.711253,8,384,128,2.0661837179000715e-05,10,COMPLETE
123,123,0.08771076684958544,2024-12-25 22:06:19.676157,2024-12-26 01:08:03.829471,0 days 03:01:44.153314,8,448,128,0.0010528360788239805,7,COMPLETE
124,124,0.08524993065932468,2024-12-25 22:31:21.628635,2024-12-26 01:35:01.967278,0 days 03:03:40.338643,8,512,128,0.0010993861260279283,7,COMPLETE
125,125,0.08792665223551899,2024-12-25 22:36:08.621875,2024-12-26 01:00:34.152977,0 days 02:24:25.531102,8,448,128,0.001164400748002584,7,COMPLETE
126,126,0.0874303614783312,2024-12-25 22:37:28.945721,2024-12-26 01:33:10.961982,0 days 02:55:42.016261,8,384,128,0.0011892690898231417,7,COMPLETE
127,127,0.08947530748839137,2024-12-25 22:40:39.965717,2024-12-26 00:03:03.309103,0 days 01:22:23.343386,8,448,128,0.0011971815722438529,7,COMPLETE
128,128,0.08899217238258414,2024-12-25 22:40:45.356339,2024-12-26 01:40:45.427168,0 days 03:00:00.070829,8,448,128,0.0019587298849195666,10,COMPLETE
129,129,0.08889211340956077,2024-12-25 22:44:07.556149,2024-12-26 01:43:48.644646,0 days 02:59:41.088497,8,448,128,0.0005426664754800938,10,COMPLETE
130,130,0.0886378943481866,2024-12-25 22:57:36.933956,2024-12-26 01:59:44.701855,0 days 03:02:07.767899,8,448,128,0.0005168114358180741,10,COMPLETE
131,131,0.08815868681750628,2024-12-25 23:01:31.178324,2024-12-26 02:00:55.877966,0 days 02:59:24.699642,8,448,128,0.0020620468554093255,10,COMPLETE
132,132,0.08600282431149683,2024-12-25 23:05:40.854668,2024-12-26 02:03:46.722504,0 days 02:58:05.867836,8,448,128,0.0004916064800855782,10,COMPLETE
133,133,0.08968529433105923,2024-12-25 23:07:04.675505,2024-12-26 02:06:25.264595,0 days 02:59:20.589090,8,448,128,0.0021810648677276835,10,COMPLETE
134,134,0.08966758722016792,2024-12-26 00:03:03.318582,2024-12-26 03:03:58.694586,0 days 03:00:55.376004,8,448,128,0.0005035826547988006,10,COMPLETE
135,135,0.08927140772311377,2024-12-26 00:35:42.809968,2024-12-26 03:35:41.151678,0 days 02:59:58.341710,8,448,128,0.0005525233012418873,10,COMPLETE
136,136,0.08981373962484487,2024-12-26 00:46:07.623081,2024-12-26 02:26:39.619083,0 days 01:40:31.996002,8,448,128,0.0005179529223350894,10,COMPLETE
137,137,0.08729302702362046,2024-12-26 00:46:46.795796,2024-12-26 03:47:42.344451,0 days 03:00:55.548655,8,448,128,0.0005033926032798374,9,COMPLETE
138,138,0.08852141348159864,2024-12-26 00:46:48.014530,2024-12-26 03:47:42.094519,0 days 03:00:54.079989,8,448,128,0.0005185363301688258,10,COMPLETE
139,139,0.08828327310968097,2024-12-26 00:55:24.017282,2024-12-26 02:16:13.109301,0 days 01:20:49.092019,8,448,128,0.0019710669869277453,10,COMPLETE
140,140,0.08669360428109389,2024-12-26 01:00:34.168601,2024-12-26 04:02:16.122003,0 days 03:01:41.953402,8,448,128,0.0005545180076547954,10,COMPLETE
141,141,0.09402244796334695,2024-12-26 01:08:03.829471,2024-12-26 03:18:46.781793,0 days 02:10:42.952322,8,448,128,0.0019633178721306325,10,COMPLETE
142,142,0.08926182158072204,2024-12-26 01:33:10.977598,2024-12-26 04:36:14.704476,0 days 03:03:03.726878,8,448,128,0.000492615069414392,10,COMPLETE
143,143,0.0867570534645885,2024-12-26 01:35:01.982901,2024-12-26 02:53:17.904620,0 days 01:18:15.921719,8,512,32,0.00048266344619293827,6,COMPLETE
144,144,0.08645898617115341,2024-12-26 01:40:45.427168,2024-12-26 04:36:54.123947,0 days 02:56:08.696779,8,512,32,0.00017312706472895977,6,COMPLETE
145,145,,2024-12-26 01:43:48.644646,2024-12-26 02:02:19.210296,0 days 00:18:30.565650,8,512,32,0.07757233054842605,6,FAIL
146,146,0.08787939099579298,2024-12-26 01:59:44.717478,2024-12-26 05:05:06.764668,0 days 03:05:22.047190,8,512,32,0.0027523955109208173,6,COMPLETE
147,147,0.08830466643445381,2024-12-26 02:00:55.883984,2024-12-26 03:44:14.964231,0 days 01:43:19.080247,8,512,32,0.002895411132173907,6,COMPLETE
148,148,0.09004012478844207,2024-12-26 02:02:19.210296,2024-12-26 04:24:25.865416,0 days 02:22:06.655120,8,512,32,0.0030229157640084534,6,COMPLETE
149,149,0.08720390052542466,2024-12-26 02:03:46.722504,2024-12-26 04:05:49.979398,0 days 02:02:03.256894,8,512,32,0.0001690515048813915,6,COMPLETE
150,150,0.08889423252059882,2024-12-26 02:06:25.264595,2024-12-26 02:49:09.337238,0 days 00:42:44.072643,8,512,32,0.0027968589220723266,6,COMPLETE
151,151,0.08924872343655393,2024-12-26 02:16:13.109301,2024-12-26 03:35:55.280509,0 days 01:19:42.171208,8,512,32,0.002886127716199031,9,COMPLETE
152,152,0.08867242803186678,2024-12-26 02:26:39.619083,2024-12-26 05:29:02.410995,0 days 03:02:22.791912,8,512,32,0.0007668783562211737,9,COMPLETE
153,153,0.0885529658686714,2024-12-26 02:49:09.352869,2024-12-26 05:50:21.576119,0 days 03:01:12.223250,8,512,32,0.0003345848443310457,9,COMPLETE
154,154,0.08732499723017466,2024-12-26 02:53:17.904620,2024-12-26 05:56:11.181288,0 days 03:02:53.276668,8,512,64,0.00018711754496034106,9,COMPLETE
155,155,0.08783422257093822,2024-12-26 03:03:58.710217,2024-12-26 05:29:09.633059,0 days 02:25:10.922842,8,512,64,0.0003280226120060331,4,COMPLETE
156,156,0.08764957185803342,2024-12-26 03:18:46.781793,2024-12-26 06:20:35.605646,0 days 03:01:48.823853,8,512,64,0.0014004349786382309,9,COMPLETE
157,157,0.08827802350259378,2024-12-26 03:35:41.167356,2024-12-26 06:34:20.475388,0 days 02:58:39.308032,8,512,64,0.00017798269368293892,9,COMPLETE
158,158,0.09265866607991087,2024-12-26 03:35:55.296150,2024-12-26 03:52:10.066330,0 days 00:16:14.770180,8,512,64,0.0007887675392155707,4,COMPLETE
159,159,0.08957594901542454,2024-12-26 03:44:14.964231,2024-12-26 05:33:44.407718,0 days 01:49:29.443487,8,512,32,0.0007626543897555992,6,COMPLETE
160,160,0.08767151406833104,2024-12-26 03:47:42.094519,2024-12-26 05:13:22.149981,0 days 01:25:40.055462,8,512,32,0.0003263104029792892,4,COMPLETE
161,161,0.0882801518720739,2024-12-26 03:47:42.360076,2024-12-26 05:27:51.965651,0 days 01:40:09.605575,8,512,32,0.0003464352205746593,6,COMPLETE
162,162,0.08710473810299103,2024-12-26 03:52:10.081941,2024-12-26 06:48:38.528486,0 days 02:56:28.446545,8,512,32,0.0014952690090552139,6,COMPLETE
163,163,0.08954511899031511,2024-12-26 04:02:16.137599,2024-12-26 06:26:21.518219,0 days 02:24:05.380620,8,512,128,0.0003496993292913727,9,COMPLETE
164,164,0.08698117895787504,2024-12-26 04:05:49.979398,2024-12-26 06:50:52.237992,0 days 02:45:02.258594,8,256,128,0.0003577699485851079,9,COMPLETE
165,165,0.08716031012884459,2024-12-26 04:24:25.881039,2024-12-26 07:10:41.042223,0 days 02:46:15.161184,8,256,128,0.0007874887877051534,10,COMPLETE
166,166,0.08845445725816388,2024-12-26 04:36:14.704476,2024-12-26 06:07:54.267035,0 days 01:31:39.562559,8,448,96,0.00035445169601633147,9,COMPLETE
167,167,,2024-12-26 04:36:54.139561,2024-12-26 05:05:07.405296,0 days 00:28:13.265735,8,512,96,0.07153007460986702,9,FAIL
168,168,0.08863827586174011,2024-12-26 05:05:06.780294,2024-12-26 08:01:40.496281,0 days 02:56:33.715987,8,512,96,0.0003144632400366702,9,COMPLETE
169,169,0.08683466303999685,2024-12-26 05:05:07.420943,2024-12-26 07:57:24.890459,0 days 02:52:17.469516,8,512,96,0.00033470889921160456,9,COMPLETE
170,170,,2024-12-26 05:13:22.149981,2024-12-26 05:41:12.686767,0 days 00:27:50.536786,8,256,64,0.08900980915436799,10,FAIL
171,171,0.08809544310411986,2024-12-26 05:27:51.981271,2024-12-26 08:17:44.838529,0 days 02:49:52.857258,8,448,96,0.001387548870966605,10,COMPLETE
172,172,0.08831011440542315,2024-12-26 05:29:02.426589,2024-12-26 08:07:53.900581,0 days 02:38:51.473992,8,256,96,0.0013952737182727913,10,COMPLETE
173,173,0.0862466802257074,2024-12-26 05:29:09.648655,2024-12-26 08:19:40.635303,0 days 02:50:30.986648,8,448,96,0.00019161210478144632,10,COMPLETE
174,174,0.08736083087581797,2024-12-26 05:33:44.423343,2024-12-26 08:22:51.075651,0 days 02:49:06.652308,8,448,96,0.0014939768571597435,10,COMPLETE
175,175,0.08621207487714641,2024-12-26 05:41:12.702366,2024-12-26 08:32:33.038143,0 days 02:51:20.335777,8,448,96,0.0013473171230699058,10,COMPLETE
176,176,0.0880149498409709,2024-12-26 05:50:21.576119,2024-12-26 08:40:49.117262,0 days 02:50:27.541143,8,448,96,0.0014296363469934702,10,COMPLETE
177,177,0.0908751715240734,2024-12-26 05:56:11.196943,2024-12-26 08:48:00.157523,0 days 02:51:48.960580,8,448,96,0.0014742196787215472,10,COMPLETE
178,178,,2024-12-26 06:07:54.267035,2024-12-26 06:34:45.468832,0 days 00:26:51.201797,8,256,96,0.0624283397126282,10,FAIL
179,179,0.0873924311046966,2024-12-26 06:20:35.605646,2024-12-26 09:12:11.226664,0 days 02:51:35.621018,8,448,128,0.00012679618272336097,10,COMPLETE
180,180,,2024-12-26 06:26:21.533842,2024-12-26 06:54:28.943218,0 days 00:28:07.409376,8,448,96,0.048430460578119415,10,FAIL
181,181,0.08633053164240442,2024-12-26 06:34:20.482900,2024-12-26 09:13:34.142316,0 days 02:39:13.659416,8,256,96,0.0001230545969812732,10,COMPLETE
182,182,,2024-12-26 06:34:45.484461,2024-12-26 07:00:57.725014,0 days 00:26:12.240553,8,256,96,0.05108973005530627,10,FAIL
183,183,0.08650368308069326,2024-12-26 06:48:38.528486,2024-12-26 09:35:55.731822,0 days 02:47:17.203336,8,448,96,0.0014566288420853866,10,COMPLETE
184,184,0.08931498749165975,2024-12-26 06:50:52.253615,2024-12-26 09:35:37.537867,0 days 02:44:45.284252,8,448,96,0.00012544804187155335,10,COMPLETE
185,185,,2024-12-26 06:54:28.943218,2024-12-26 07:23:03.080689,0 days 00:28:34.137471,8,448,96,0.06057024185799615,10,FAIL
186,186,,2024-12-26 07:00:57.740625,2024-12-26 07:29:35.435363,0 days 00:28:37.694738,8,448,96,0.05373801521623332,10,FAIL
187,187,0.09191601905783936,2024-12-26 07:10:41.057835,2024-12-26 08:00:13.416700,0 days 00:49:32.358865,8,448,96,0.00444783595924419,10,COMPLETE
188,188,0.08862968283791502,2024-12-26 07:23:03.080689,2024-12-26 09:58:35.386929,0 days 02:35:32.306240,8,448,96,0.00012938679396786652,10,COMPLETE
189,189,0.09145653094438945,2024-12-26 07:29:35.435363,2024-12-26 08:21:20.367306,0 days 00:51:44.931943,8,448,96,0.004223038040989487,10,COMPLETE
190,190,0.09235661030754823,2024-12-26 07:57:24.890459,2024-12-26 10:19:01.318722,0 days 02:21:36.428263,8,448,96,0.004559512800735973,10,COMPLETE
191,191,0.0860697388915079,2024-12-26 08:00:13.432344,2024-12-26 10:20:21.474294,0 days 02:20:08.041950,8,448,96,8.275217450140344e-05,10,COMPLETE
192,192,0.08839762952773511,2024-12-26 08:01:40.511922,2024-12-26 10:21:28.372365,0 days 02:19:47.860443,8,448,128,0.00014929709221919423,7,COMPLETE
193,193,0.08789381546070095,2024-12-26 08:07:53.900581,2024-12-26 09:54:13.378363,0 days 01:46:19.477782,8,448,128,0.00011588323185698041,7,COMPLETE
194,194,0.0887074756960408,2024-12-26 08:17:44.847654,2024-12-26 10:26:18.742857,0 days 02:08:33.895203,8,448,128,0.00014215552402032817,7,COMPLETE
195,195,0.08803554305008479,2024-12-26 08:19:40.644424,2024-12-26 10:27:04.706123,0 days 02:07:24.061699,8,448,96,0.00013889635313822527,10,COMPLETE
196,196,0.08832150162393305,2024-12-26 08:21:20.375511,2024-12-26 10:25:45.639958,0 days 02:04:25.264447,8,448,96,0.0017120810120824506,10,COMPLETE
197,197,0.08853501912613376,2024-12-26 08:22:51.080841,2024-12-26 10:25:58.632262,0 days 02:03:07.551421,8,448,128,0.00014493246423046238,7,COMPLETE
198,198,0.08865127617008045,2024-12-26 08:32:33.038143,2024-12-26 10:28:30.377091,0 days 01:55:57.338948,8,448,96,0.00012635626328334176,10,COMPLETE
199,199,0.0870229063023414,2024-12-26 08:40:49.123394,2024-12-26 10:28:50.429959,0 days 01:48:01.306565,8,448,96,0.00012253264380113202,10,COMPLETE
