SMILES,MaxSimilarity,NearestNeighbor
CCCC(C)C1CCCCC1C,0.3125,CC(CO)C1CCCCC1
CCCCCCC1CCCC1C,0.6206896551724138,CCCCCCCC1CCCC1O
CCC(C)CCCC(C)CCCC(C)C,0.52,CC(C)CCCC(C)CCCC(C)C=O
CCCC(CCC)C1CCC2CCCC2C1,0.3125,OC1CCC2CCCCC2C1
CC1CCCC2(C)CCCCC12C,0.30303030303030304,CC1CCCC(C)(C)C1C=O
CCC(CC)C1CCC(C)C1,0.5555555555555556,CCC(CO)C1CCC(C)CC1
CCCCCCCCC1CCCC(C)C1,0.47058823529411764,CCC(=O)O.CCCCCC1CCCCC1
CCCC(C)C(C)CCCC(C)CCCC(C)C,0.4642857142857143,CC(C)CCCC(C)CCCC(C)C=O
CCC(C)CC1CCCCCCCCCCC1,0.39285714285714285,CC(C)C1CCCCC1.CCO
CCCC(C)CC1(C)CCC(C)C1,0.2558139534883721,CCC(=O)C1(C)CCC(C(C)C)CC1
CCCCC(CC)CCCC,0.6842105263157895,CCCCC(CC)CO
CCCC1(C)CCC2C(C)C1CCC2(C)C,0.2564102564102564,CC1CCCC(C)(C)C1C=O
CCCCC(C)C1CCC(C)CC1,0.4838709677419355,CC1CCC(C(C)CC=O)CC1
CCC1(C)CCC(C(C)C)CC1C(C)C,0.40540540540540543,CCC(=O)C1(C)CCC(C(C)C)CC1
CC(C)CCCC(C)CCCC(C)C(C)C(C)C,0.4642857142857143,CC(C)CCCC(C)CCCC(C)C=O
CC(C)CC1CCCC(C(C)(C)C)C1,0.3333333333333333,CC(O)CC(C)(C)C1CCCCC1
CCCCC(C)CCC1CCCCC1,0.47058823529411764,CCC(=O)O.CCCCCC1CCCCC1
CCCC(C)CC(CC(C)C)C(C)C,0.32142857142857145,CC(C)CCC(CO)C(C)C
CCC(C)C1CC1(C)CCC1C(C)CCCC1(C)C,0.48936170212765956,CCC(C=O)CCC1C(C)CCCC1(C)C
CCCCCCCCCCCCCCCCCCC,1.0,CCCCCCC
CC(C)CC1C(C)C2CC1C1CCC(C)C21,0.23809523809523808,CC(C)CC1CCC(=O)O1
CCC12CCC(C1)C(C1(C)CCCCC1)C2,0.22916666666666666,CCC(=O)OC1CC2(C)CCC1C2(C)C
CC(C)C1CCCCC1C(C)C,0.4166666666666667,CC1CCC(C(C)C)C(O)C1
CCC1CCC(C)CC1CC,0.34615384615384615,CCOC1CCC(C)CC1
CCCCC(C)CCCCCC1CCCCC1,0.5294117647058824,CCC(=O)O.CCCCCC1CCCCC1
CCCCCCCCCCC(C)CCCCC,0.7,CCCCCCCCCC(C)CO
CCCCC1CCC(CC(C)C)CC1C,0.3076923076923077,CCCCCCCC1CCC(O)CC1
CCC(C)CC1CCCCC1C(C)CC,0.35135135135135137,CCC(C)C1CCCCC1=O
CC(C)CCCC(C)CCCC(C)C(C)C,0.5,CC(C)CCCC(C)CCCC(C)C=O
CCCCCC(C)C(C)C(C)C,0.5,CCCCCCCCCC(C)C(OC)OC
CCCCCC(C)CCCCC1CCCCC1,0.59375,CCC(=O)O.CCCCCC1CCCCC1
CC(C)C1CCC(C(C)(C)C)CC1,0.5,CC1CCC(C(C)C)CC1
CCC1CC(C)CC(C)C1,0.34782608695652173,CCC1CCC(O)CC1
CCCCCC(C)CC(C)CC(C)C,0.5,CCCCCCCCCC(C)CO
CCCCCC(CCC)CC(C)C,0.44,CCCCCC(C)O
CCCCCC(C)CCCC(C)CCCC(C)C,0.5416666666666666,CCCCCCCCCC(C)CO
OOOOO,0.23076923076923078,CCOO
CCC(C)CCC(C)CC(C)C1CCCC(C)(C)C1,0.28205128205128205,CC(CO)C1CCCCC1
CC1CCC(C(C)C)C(C(C)CCCC2CCCCC2)C1,0.38461538461538464,CC1CCC(C(C)C)C(O)C1
CC1CCCC1C,0.3333333333333333,CC(=O)OC1CCCCC1C
CC(C)C(C)CCC(C)C1CCCCC1,0.5185185185185185,CC(CO)C1CCCCC1
CC1CCCC(C)(C)C1C,0.5185185185185185,CC1CCCC(C)(C)C1C=O
CCCCCCCCCCC(C)CCCC,0.6666666666666666,CCCCCCCCCC(C)CO
CCCCC1CC2CC1C1CCCC21,0.40625,OC1CC2CC1C1CCCC21
CCCCCC1CCC(CC(C)C)CC1,0.5517241379310345,CCCCCCCC1CCC(O)CC1
CC1CCC(C2CCC3CCCC3C2)C1,0.4,OC1CCC2CCCCC2C1
CC(C)CCCC1CCCC1C,0.40540540540540543,CC(C)CCCC1CCCCC1=O
CC(C)C(C)CCC1CCC(C)C1(C)C,0.2608695652173913,C=C1CCC(C)C(C)(C)C1CCC(C)=O
CCCCCCCCCC1CCCC(C)C1,0.47058823529411764,CCC(=O)O.CCCCCC1CCCCC1
CCCCCC(CC)CC(C)C(C)CC,0.4444444444444444,CCCCC(CC)CO
CCC(C)CCC(CCC(C)CC)CC(C)CC,0.45454545454545453,CCC(C)CCO
CCCCC(C)C(C)CC,0.45454545454545453,CCCCC(O)CC
CC1CCC2(CC1)CCC(C)CC2,0.3333333333333333,CC1CCC(C(C)C)CC1
CC(C)CC1CC(C)C2CC(C(C)C)CC2C(C)C1,0.3448275862068966,CC1CCC(C(C)C)CC1
C1CCC(CCCC2CCCC2)CC1,0.6842105263157895,OCCCC1CCCCC1
CCCCC1CCCCC1,0.6538461538461539,CCC(=O)O.CCCCCC1CCCCC1
CCC(C)C1CCCCC1CCCC(C)CCCC(C)(C)C,0.34146341463414637,CCC(C)CCCC(C)(C)O
CCCCCCCC(C)CC(C)C,0.5833333333333334,CCCCCCCCCC(C)CO
CCCCC1CCC(CC)CC1,0.5384615384615384,CCCCCCCC1CCC(O)CC1
CCC(C)C1CCCCC1,0.6086956521739131,CC(CO)C1CCCCC1
CC(C)CCCCC(C)C1CCCCC1C,0.358974358974359,CC(C)CCCC1CCCCC1=O
CCCCCC(CCC)CCC,0.47619047619047616,CCCCCC(C)O
CCCCC(C)CC1CCC(C)CC1,0.3333333333333333,CC1CCC(C(C)C)CC1
CC1CCCCCCCCCCCCCCCC1,0.5238095238095238,CC1CCCCCCCCCCC(=O)CC1
CC(C1CCCCC1)C1CCCC1,0.5,CC(CO)C1CCCCC1
CCCC(C)CCC1CCCC1,0.38235294117647056,CCC(=O)O.CCCCCC1CCCCC1
CC(C)C(C)CCC1CCCCC1,0.4230769230769231,OCCC1CCCCC1
CCCC(C)C1CC1C1CCCCC1,0.3235294117647059,CC(CO)C1CCCCC1
CCCCCCCC(C)CCCCCC,0.7,CCCCCCCCCC(C)CO
CC1CC2CCCCC2C1,0.4375,C1CCC(C2CCCCC2)CC1
CCC1(C)CCC(C(C)(C)CC(C)C)C1,0.3333333333333333,CC(O)CC(C)(C)C1CCCCC1
CCCC1CC(C)C2CCCCC12,0.3055555555555556,CCCCCCCC1CCCC1O
CC(C)C(C)CCCC1CCCC1C,0.3157894736842105,CCCCCCCC1CCCC1O
CCCCCCC(C)C(C)C,0.5833333333333334,CCCCCCCCCC(C)C(OC)OC
CCCCCCCCCC(C)CCCCC1CCCCC1,0.5757575757575758,CCC(=O)O.CCCCCC1CCCCC1
CCC(C)C(C)C(C)CC(C)C,0.3333333333333333,CC(C)CC(C)O
CC1CCCCCC1,0.5238095238095238,CC1CCCCCCCCCCC(=O)CC1
CCC1CC2CC1C1CCCCC21,0.41379310344827586,OC1CC2CC1C1CCCC21
CCC(C)C(C)CC1(C)CC2CCC1C2,0.2619047619047619,CC(O)C1C2CCC(C2)C1(C)C
CCCC1C2(C)CCC(C2)C1(C)C,0.4838709677419355,CC1(C)[C@H]2CC[C@](C)(C2)[C@H]1O
CC1CCC2CCCC2C1,0.4166666666666667,OC1CCC2CCCCC2C1
CCC(CC)CC(C)CCCC(C)(C)C,0.4827586206896552,CCC(C)CCCC(C)(C)O
CC(C)CC(C)CCC1CCC(C)CC1,0.3448275862068966,CC1CCC(C(C)C)CC1
CCCC1C2CCC(C2)C1CC,0.2727272727272727,CCCC1CCC(=O)O1
CC1CCC2(C1)C(C)(C)CCCC2(C)C,0.2857142857142857,CC1(C)CCCCC1(C)O
CCCC(C)C1C(CC(C)C)C1(C)C,0.25,CCCCCC(C)O
CC1CCC2(C)CCCC(C)(C)C23CC13,0.2564102564102564,CC1CCCC(C)(C)C1C=O
CC(C)CCC1C(C)CC(C)CC1(C)C,0.32608695652173914,CCC(C=O)CCC1C(C)CCCC1(C)C
CCCC(C)CCCCCCCCCCC(C)CCC,0.5454545454545454,CCCCCCCCCC(C)CO
C=C=C,0.14285714285714285,S=C=S
CC(C)CCCCCC(C)C,0.5294117647058824,CC(C)CCCC(C)O
CCC1CCC(C)C(CC(C)C)C1,0.3225806451612903,CCC1CCC(O)CC1
CCCCCCCCCCCCCCCCCC(C)CCCCCCC,0.7,CCCCCCCCCC(C)CO
CCCC(C)C1CC1(C)C1CCC(C)CC1,0.3,CC1CCC(C(C)CC=O)CC1
CC(C)CCC1C(C)C(C)CCC1(C)C,0.38636363636363635,CCC(C=O)CCC1C(C)CCCC1(C)C
CCCCCC(CCC1CCCCC1)CC(C)C,0.4473684210526316,CCC(=O)O.CCCCCC1CCCCC1
CC(C)CCCC(C)CCCCCC(C)CCCC(C)C,0.5652173913043478,CC(C)CCCC(C)CCCC(C)C=O
CC1CCCCCCCCCCCC1,0.5238095238095238,CC1CCCCCCCCCCC(=O)CC1
CCC(C)C1CC1C1CCC(C)CC1,0.35294117647058826,CC1CCC(C(C)C)C(O)C1
CC1CCCCC1C(C)CCC1CCCCC1,0.3548387096774194,OCCC1CCCCC1
CC1CCCC(C)C1,0.34782608695652173,CC1CCCC(=O)C1
CCC1CC(C)CCC1C,0.3333333333333333,C=C(C)C1CCC(C)CC1O
CC(C)CCC(C)C(C)C,0.42857142857142855,CC(C)CCC(CO)C(C)C
CCCCCCC(C)CCCC(C)CCCC(C)C,0.5833333333333334,CCCCCCCCCC(C)CO
CCCCCCC(C)C1CCCCC1C,0.375,CCCCCCCC(C)O
CC(C)CCCC(C)(C)C1CC1,0.4482758620689655,CCC(C)(O)CCCC(C)C
CCCCC(C)C1C(C)CCCC1(C)C,0.4222222222222222,CCC(C=O)CCC1C(C)CCCC1(C)C
CCCC1CCCC(CC)C1C,0.36363636363636365,CCCCCCCC1CCCC1O
CC(C)CC(C)C1CCCCC1,0.5833333333333334,CC(CO)C1CCCCC1
CCC1CCCCC1CCC(C)C,0.35135135135135137,CC(C)CCCC1CCCCC1=O
CCCCCCC1CCC(C)CC1,0.6538461538461539,CCCCCCCC1CCC(O)CC1
CCCC1CCCCC1C,0.34375,CCCCCCCC1CCCC1O
CC(C)C(C)CC1CC2CC1C1CCCC21,0.3939393939393939,OC1CC2CC1C1CCCC21
CCCCCCC(C)CC(C)CCC,0.5833333333333334,CCCCCCCCCC(C)CO
CCCCC1CCCCC(C)C1,0.45454545454545453,CCC(=O)O.CCCCCC1CCCCC1
CCCCC(C(C)C)C(C)CC(C)C,0.37037037037037035,CCCCCC(C)O
CCCC1CC(CC)C(C)C(C)C1C,0.23684210526315788,CCCCCC1CC(C)C(=O)O1
CC(C)C(C)CC(C)C(C)C,0.29411764705882354,CC(C)CC(C)O
CC(CCCCC1CCCCC1)CCC1CCCCC1,0.4482758620689655,OCCCC1CCCCC1
CCC1CCC(CC(C)C)CC1C,0.28125,CCC1CCC(O)CC1
CCC(C)C(C)CCCC1CCCCC1,0.43333333333333335,OCCCC1CCCCC1
CCC(C)CCC1CCCCC1,0.4074074074074074,OCCC1CCCCC1
CCCC1C(C)CCCC1(C)C,0.6206896551724138,CC1CCCC(C)(C)C1CO
C1CCC(CCC2CCCCC2)CC1,0.6470588235294118,OCCC1CCCCC1
CCC(C)(CCC1CC1(C)C)CC(C)C,0.29411764705882354,CCC(O)(CC(C)C)CC(C)C
CCCCCCCCC(CC(C)C)C(C)CC,0.42857142857142855,CCCCCCCC(C)O
CC(C)CCCC1CCCC1,0.6071428571428571,CC(C)CCCC1CCC(=O)CC1
CCC1C(C)CC2C(C1CC)C(C)(C)CCC2(C)C,0.3157894736842105,CC1CC2C(CC1=O)C(C)(C)CCC2(C)C
CCC1CCC(C)CC1,0.55,CCC1CCC(O)CC1
CCC(C)(C)CC,0.46153846153846156,CCC(C)(C)O
CCCCCC(C)C(C)CCCC,0.5652173913043478,CCCCCCCCCC(C)C(OC)OC
CCCCCC(C)CCC(CC)CCCC,0.48148148148148145,CCCCC(CC)CO
CCCCCCC(C)CCCCC,0.7,CCCCCCCCCC(C)CO
CCCCCCCCCCCCCCCC(C)C,0.6,CCCCCCCC(C)O
CC1CCC2CCC(C)CC2C1,0.34615384615384615,CC1CCC(C(C)C)C(O)C1
CC(C)C1CCC2(C)C3CCC(C)C3C12,0.41025641025641024,C[C@H]1CC[C@H]2[C@@H]1C1C(CC[C@@]2(C)O)C1(C)C
CCCC(C)CC(C)C1CCCCC1,0.5,CC(CO)C1CCCCC1
CCC(C)C1CC(C(C)C)CCC1C,0.3793103448275862,CC1CCC(C(C)C)CC1
CCCCCCCCCC(C)CC(CCCC)CCCCC(C)C,0.4827586206896552,CCCCCCCCCC(C)CO
CC(C)C(C)C,0.375,CC(C)O
CCCCCCCC(CCC(C)C)CC(C)C,0.4444444444444444,CCCCCCCC(C)O
CCCCCC1CC(C)CC1C,0.3939393939393939,CCCCCCCC1CCCC1O
CCC(C)CC(C)CC,0.4444444444444444,CCC(C)CCO
CC1CCC(C(C)C)C(CC(C)CC2CCCCC2)C1,0.40540540540540543,CC1CCC(C(C)C)C(O)C1
CCCCC(CCCC)CCCC,0.5789473684210527,CCCCC(CC)CO
CCCCC(CC)CC,0.6842105263157895,CCCCC(CC)CO
CC(C)C1CCC2(C)CC2C1,0.4,CCC(=O)C1(C)CCC(C(C)C)CC1
CCCCCCC1CC1CCCC,0.5,CCCCCCCC1CCCC1O
CCCC1CC(C2CC(C)CC(C)(C)C2)CCC1C,0.28888888888888886,CC(=O)OC1CC(C)CC(C)(C)C1
CCC1CCC(C(C)CCC2CCCCC2)C(C)C1,0.3333333333333333,CC(=O)O.CCC1CCCCC1
CC1CC(C)C2(CC(C)(C)CC(C)(C)C2)C1(C)C,0.21052631578947367,CC(=O)OC1CC(C)CC(C)(C)C1
CCCC(C)CC(C)(CC(C)CCC)C(C)C,0.3103448275862069,CCCCC(C)C(C)(C)O
CC(C)C1CCC(C)(C(C)C2CCCC2C)C1C,0.3488372093023256,CC1CCC2C(C1)C(C(C)C)CCC2(C)O
CC(C)C(C)CC1CCC2CCCCC2C1,0.45454545454545453,O=CCC1CCC2CCCCC2C1
CCCCC(CC)C(C)CCC,0.4,CCCCC(O)CC
CC(C)CCC1C(C)CCCC1(C)C,0.6052631578947368,CCC(C=O)CCC1C(C)CCCC1(C)C
CCC1(C)CCC(C)C1,0.28125,CC1CC(=O)CC(C)(C)C1
CC(C)CCC1CCC(C)CC1,0.40625,CC(C)CCCC1CCC(=O)CC1
CC1CCCCCCCCCCCCCC(C)C1,0.4166666666666667,CC1CCCCCCCCCCCCC(=O)C1
CCCCC(C)C1CCCC(C)(C)C1,0.2972972972972973,CC(CO)C1CCCCC1
CCCCCCCCCCCCCC(C)CC,0.6363636363636364,CCCCCCCCCC(C)CO
CC1CCC(CC2C3CCC(C3)C2(C)C)CC1C,0.35,CC(O)C1C2CCC(C2)C1(C)C
CCCCCCCCCC(C)CCC,0.6363636363636364,CCCCCCCCCC(C)CO
CCCC(C)CCCC(C)(C)CC,0.4482758620689655,CCC(C)CCCC(C)(C)O
NN(N)NNNN(N)N(N)N,0.05555555555555555,COC(=O)c1ccccc1N
CCCCCCCC(C)CCCCC,0.7,CCCCCCCCCC(C)CO
CC1CCC(C)(C(C)C)C1,0.2962962962962963,CC1CCC(C(C)C)CC1
CCCC1CC(C(C)C)CCC1C,0.3793103448275862,CC1CCC(C(C)C)CC1
CC1CCC2(CCCCC2C)CC1,0.30303030303030304,CC1CCCCCC(=O)C1(C)C
CCCCCC(C)CC1CCCCC1,0.42857142857142855,CCC(=O)O.CCCCCC1CCCCC1
CC(C)CCCC(C)C1CCCC1,0.48148148148148145,CC(CO)C1CCCCC1
CCCCC1CCCC1C,0.5,CCCCCCCC1CCCC1O
CC1CCCC1,0.47619047619047616,CC1CCCCCCCCCCC(=O)CC1
CCCC(C)(C)CCC,0.3333333333333333,CCCC
CCC(C)CCC(C)C1CCCCC1,0.5,CC(CO)C1CCCCC1
NNNNNNNN,0.07407407407407407,CCCC#CC(=O)OC
CCCC1CCC2CCC(C)CCC2C1,0.358974358974359,CCOC(=O)CC1CCC2CCCCC2C1
CCCCCC(C)CCCC(C)CCC,0.5652173913043478,CCCCCCCCCC(C)CO
CCCC(C)CCCCC1CCCC1,0.47058823529411764,CCC(=O)O.CCCCCC1CCCCC1
CCCCCCCCCC(C)CCC(C)C,0.5833333333333334,CCCCCCCCCC(C)CO
CCCCC(C)CC(C)(C)C1CCC(C)CC1,0.3684210526315789,CC(O)CC(C)(C)C1CCCCC1
CCC1CCC(CC)C1,0.5263157894736842,CCC1CCC(O)CC1
CCCCCC(C)CC(CC(C)C)(CC(C)CCCCC)C(C)CCCCC,0.41935483870967744,CCCCCCCCCC(C)CO
CC1CCCC(C)C1C,0.3076923076923077,CC(=O)OC1CCCCC1C
CCCCCC(C)CCCC(C)CCC(C)CC,0.52,CCCCCCCCCC(C)CO
CC(C)C1CCCCCCC1,0.7368421052631579,CC(C)C1CCCCC1.CCO
CCC1CCC(CC2CC2)CC1,0.5789473684210527,CCC1CCC(O)CC1
CCC1CC(C)CC(CC)C1C,0.2692307692307692,CCOC1CCC(C)CC1
CCCCCCCCCCCCCCCCCCC(C)CCC,0.6363636363636364,CCCCCCCCCC(C)CO
CC(C)CCC1CCC(C(C)C)CC1,0.5714285714285714,CC(C)C1CCC(CCCO)CC1
CC1CCC(C(C)C)C(CC(C)C2CC2)C1,0.45454545454545453,CC1CCC(C(C)C)C(O)C1
CCCCCC(C)C(C)(C)C,0.5416666666666666,CCCCC(C)C(C)(C)O
NNNNN(N)NNN(N)NNNN,0.06451612903225806,COC(=O)CCSC
CCCCCC1CCC(CCC)CC1,0.6666666666666666,CCCCCCCC1CCC(O)CC1
CC(C)CC(C)CC1CC(C(C)C)CCC1C,0.34375,CC1CCC(C(C)C)CC1
CCCC(C)C1CC1(C)C1CCCCC1,0.3055555555555556,CC(CO)C1CCCCC1
CCCC(C)C(CC)(CC)C(C)CCC,0.375,CCCC(C)C(=O)O
CCC1CCCC(CC)C1,0.4583333333333333,CC(=O)O.CCC1CCCCC1
CCCCCC(C)C1(C2CCCCC2)CC1C,0.3142857142857143,CCCCCC(C)O
CCCCCC(C)CCC1CCCCC1,0.5,CCC(=O)O.CCCCCC1CCCCC1
CCCC(C)C1CCC(C)(C)CC1C,0.2653061224489796,CCC(C=O)CCC1C(C)CCCC1(C)C
CCC1CCCCC1CC,0.375,CC(=O)O.CCC1CCCCC1
CCCCCCCCC(C)CCC1CCC(C)C(CC)C1,0.358974358974359,CCCCCCCCCC(C)CO
CCC(CC(C)C)C1CCC(CC(C)C)CC1,0.42424242424242425,CCC(CO)C1CCC(C)CC1
CCCC1CC(CC)CCC1CC(C)C,0.30303030303030304,CCC1CCC(O)CC1
CC(C)CC(C)(C)C1CCC(C)C2CCC(C)C2C1,0.358974358974359,CCC(C)(C)C1CCC(O)C(C)C1
CCCC(C)C1C(C)C(C)CCC1(C)C,0.2916666666666667,CCC(C=O)CCC1C(C)CCCC1(C)C
CCCCC1CCC(C)C(CC)C1,0.38235294117647056,CCCCCCCC1CCC(O)CC1
CCCCCC(C)CC1CCC(C)CC1,0.40625,CCCCCCCCCC(C)CO
CCC(CCC1CCCCC1)CC(C)C,0.3548387096774194,OCCC1CCCCC1
CCC1CC2CC(CC(C)C)C1C2,0.23684210526315788,CC(C)CC1CCC(=O)O1
CCC1CCCCC1C(C)CCCC1CCCCC1,0.375,CCC(=O)O.CCCCCC1CCCCC1
CCCCCCCCCCCCCCCC(C)CC,0.6363636363636364,CCCCCCCCCC(C)CO
CCCCCCCC(C)CC,0.6363636363636364,CCCCCCCCCC(C)CO
CCCC(CC(C)C)CC(C)C1CCC(C)C(C)C1,0.2558139534883721,CC1CCC(C(C)CC=O)CC1
CCCCCC1CC1C(C)C,0.3939393939393939,CCCCCCCC1CCCC1O
CCCCCC(C)CCC(C)CCCCC,0.6190476190476191,CCCCCCCCCC(C)CO
CCC1CC(C)(C)CCC1C,0.29411764705882354,CCC1CCC(C)(O)O1
CC1CC2C3CC(CC3C)C2C1C,0.20588235294117646,CC1CC(C(C)(C)C)CCC1O
CCCCCCCC1(C)CCC(C)C1,0.37142857142857144,CCCCCCCCCCCCC1(O)CCCCC1
CC1CCCC1CC1(C)CCCC1C,0.3611111111111111,CC1CCCC(C)(C)C1CO
CCCCCCCCC(CC)CC,0.5454545454545454,CCCCC(CC)CO
CCC(C)C1CCC(C)CC1,0.5555555555555556,CC1CCC(C(C)CC=O)CC1
CC(C)CCCC(C)CCCC(C)C,0.6190476190476191,CC(C)CCCC(C)CCCC(C)C=O
CCCCCCCCCC(C)C,0.6,CCCCCCCC(C)O
CCCCCCCC(CCCCC)CCCCCCC,0.5789473684210527,CCCCCCCCCC(O)O
CCC1CC(CC)CC(CC)C1,0.42105263157894735,CCC1CCC(O)CC1
CCCCCCCCCC(C)CCCC(C)CCCC(C)C,0.5833333333333334,CCCCCCCCCC(C)CO
CC1CCC(C)(C)C1C,0.3448275862068966,CC1CCCC(C)(C)C1C=O
CC1CCCC1CCC1CCCCC1,0.4074074074074074,OCCC1CCCCC1
CC(C)C(C)CC1CCCCC1C,0.28125,CC(CO)C1CCCCC1
CC(C)CC1CCCC1,0.36666666666666664,CC(C)OC(=O)CC1CCCCC1
CCCCCCCCCC(C)CC(CCCCCCCC)C(C)C,0.5185185185185185,CCCCCCCCCC(C)CO
CCCCC1C(C)C(C)CCC1(C)C,0.3611111111111111,CC1CCCC(C)(C)C1CO
CC(C)CCC1C(C)CCC(C)C1C,0.4117647058823529,CC(C)CCC1C(=O)CCC1C
CC(C)CCCCCCCCC(C)CCCCC(C)CCCCCCCCC(C)C,0.5217391304347826,CC(C)CCCC(C)CCCC(C)C=O
CCCCCCCC(C)CCCC(C)C,0.5833333333333334,CCCCCCCCCC(C)CO
CC(C)CCCCC1CCCCC1,0.5161290322580645,CC(C)CCCC1CCC(=O)CC1
CCCCC(CC)C(C)C,0.43478260869565216,CCCCC(O)CC
CCCCCCCC(C)C1CCC(CC)CC1,0.3939393939393939,CCCCCCC(OC(C)C)OC(C)C
CC(C)CC(C)CCC1C(C)CCCC1(C)C,0.5476190476190477,CCC(C=O)CCC1C(C)CCCC1(C)C
CCCCCC(CCC(C)C)CCC(C)C,0.4782608695652174,CCCCCC(C)O
CC1CC(C)(C)CC2(C1)C(C)CC(C)C2(C)C,0.2857142857142857,CC1CC(=O)CC(C)(C)C1
CC1CC(C)C2(CCC(C(C)C)C2)C(C)C1,0.3793103448275862,CC1CCC(C(C)C)CC1
CCC1(C)CCC(C)C(C)(C)C1,0.2857142857142857,CC1CCCC(C)(C)C1CO
CC(C)CCCCC1CC(C)CC1C,0.375,CC(C)CCCC1CC(C)CCC1=O
CCC1(C)CCCC(CCCC(C)C)C1,0.4,CC(C)CCCC1CCC(=O)CC1
CCC1CC2CCCCC2C1,0.42857142857142855,O=CCC1CCC2CCCCC2C1
CC(C)CCCC(C)CCCC(C)CC1CCCCC1,0.3939393939393939,CC(C)CCCC(C)CCCC(C)C=O
CCC(C)(C)C,0.5,CCC(C)(C)O
CCCCC(CC)CCC(C)C1CCCCC1,0.42424242424242425,CC(CO)C1CCCCC1
CC(C)CC1CCC(C)CC1,0.45454545454545453,CC1CCC(C(C)C)CC1
CCCC(CCC)CCCCCC(C)C,0.4,CCCCCCCC(C)O
CCCCCCC(CC)CC(C)C,0.46153846153846156,CCCCCCCC(C)O
CCCC(C)CCCCCCCC(C)CCC,0.5454545454545454,CCCCCCCCCC(C)CO
CC1CCCCCCCCCCCCC1,0.5238095238095238,CC1CCCCCCCCCCC(=O)CC1
CCC(C)C(C)CCC(C)CC(C)C(C)CC,0.32,CCC(C)CCO
CCCCCCCCCCC1CCCCC1C(C)CC,0.5294117647058824,CCCCCCCC1CCCC1O
CCCC(C)CCCC(C)(C)C,0.48148148148148145,CCC(C)CCCC(C)(C)O
CCCC1CCCCC1C(C)C,0.36666666666666664,CC(C)C1CCCCC1.CCO
OOOOOOOOOOOOO,0.21428571428571427,CCOO
C=C=C=C=C=C,0.1111111111111111,C=CCC#N
NNNNNNNNN,0.07407407407407407,CCCC#CC(=O)OC
CCC(C)CCC(C)C,0.5263157894736842,CCC(C)CCO
CC(C)CCC(CCC(C)C)CC(C)C,0.3684210526315789,CC(C)CC(C)O
CC(C)CCC1CCC2CC1C2(C)C,0.34210526315789475,CC(O)C1C2CCC(C2)C1(C)C
CC1CC(C)C2CC3CCCCC3C2C1,0.3125,OC1CC2CC1C1CCCC21
CC(C)CCC(CCC(C)C)CC1CCCCC1,0.34285714285714286,CC(C)OC(=O)CC1CCCCC1
CCCCCCC(C)C1CCCC1,0.4482758620689655,CC(CO)C1CCCCC1
CCC1CCC(CCCC(C)C)CC1,0.5666666666666667,CC(C)CCCC1CCC(=O)CC1
CCCCCCCC(C)CCCC,0.6666666666666666,CCCCCCCCCC(C)CO
CCC(CC)C(C)CCCC(C)CCCC(C)C,0.4482758620689655,CC(C)CCCC(C)CCCC(C)C=O
CCCCCCC(C)C(C)(C)C,0.52,CCCCC(C)C(C)(C)O
CCCCC(CC)CC(C)C,0.5416666666666666,CCCCC(CC)CO
CC1CC(C)C2(C)CC(C(C)C)CCC2C1,0.3870967741935484,CC1CCC(C(C)C)CC1
CCCCCCCCCC(C)CC(C)CCCCCCCCC,0.6363636363636364,CCCCCCCCCC(C)CO
CC(CCCC1CCCCC1)CCCC1CCCCC1,0.5,OCCCC1CCCCC1
CCCCCCC(C)CC,0.6363636363636364,CCCCCCCCCC(C)CO
CCC(C)(C)CC(C)C1CCCCC1,0.4827586206896552,CC(CO)C1CCCCC1
CCCC(CCC)CC(C)CCCC(C)C,0.5,COC(CC(C)CCCC(C)C)OC
CCCCCCCCCCCCCCC(C)C,0.6,CCCCCCCC(C)O
CCCC(C)C1C(C)CCCC1(C)C,0.4166666666666667,CC1CCCC(C)(C)C1CO
CCCCC(C)CCCC(C)CCCC(C)C,0.52,CC(C)CCCC(C)CCCC(C)C=O
CC(C)C1CCC(C)C(C)C1C,0.39285714285714285,CC1CCC(C(C)C)C(O)C1
CCC1CC(C(C)C)CC(CC)C1C,0.34615384615384615,CC1CCC(C(C)C)CC1
CC(C)C12CCC(C)(CC1)C2,0.2962962962962963,CC(C)C12CCC(C)(CC1)O2
CC(C)CCC1(C)CCC(C)C(C)C1C,0.325,CC(C)CCC1C(=O)CCC1C
CCCCCCCCCC(C)CCC1CCCCC1,0.4857142857142857,CCC(=O)O.CCCCCC1CCCCC1
CCCCCC(CC)CC(C)CCC,0.42857142857142855,CCCCC(CC)CO
CC1CCC(C)CC1,0.5333333333333333,CC1CCC(C(C)C)CC1
CCC1(C)CCC(C(C)(C)CC)CC1,0.4827586206896552,CCC(C)(C)C1CCC(O)CC1
CCC1CCC(CCC(C)C)CC1CC,0.3157894736842105,CC(C)CCCC1CCC(=O)CC1
CC1CCCC(C)CCC(C)(C)CCC1,0.3125,CC1CCCC(C)(C)C1C=O
CCCCCCCCCCCC(CCC)CCC,0.5238095238095238,CCCCCCCCCC(O)O
CC(C)CCCC(C)C1(C)CCC(C)CC1,0.3333333333333333,CC(C)CCCC1CC(C)CCC1=O
CCCCC1CC1CCC,0.36666666666666664,CCCCCCCC1CCCC1O
CCC(C)C(C)C1CCCCC1,0.52,CC(C)C1CCCCC1.CCO
C1CCC(CC2CCC(CC3CCCC3)C2)C1,0.38095238095238093,OCC1CCCCC1
CC1CCC(CC(C)(C)C)CC1,0.4166666666666667,CC1CCC(C(C)(C)O)CC1
CC1CCCCC1CC(C)C1CCCCC1C,0.30303030303030304,CC(CO)C1CCCCC1
C=C=C=C=C=C=C=C=C,0.10526315789473684,C=CCC#N
CCC1(C)CC(C)(C)C2CCCCC21,0.2857142857142857,CC1CCCC(C)(C)C1CO
CCCCCC1CCC(C(C)C)CC1,0.6428571428571429,CC(C)C1CCC(CCCO)CC1
CCCC(CC)CCCC(C)C,0.4230769230769231,CCCCC(CC)CO
CCC(CC(C)CC(C)C)C(C)CCC(C)C,0.35714285714285715,CCC(O)CCC(C)C
CCCC(C)CCC1CCCCC1,0.4117647058823529,CCC(=O)O.CCCCCC1CCCCC1
CC1CCC(C)(C2CCCCC2)C1,0.34375,CC1(C)[C@H]2CC[C@](C)(C2)[C@H]1O
CCCC1CCCCC1C(C)CC,0.3611111111111111,CCC(C)C1CCCCC1=O
CC1CCC2C(C1)C(C(C)C)CCC2(C)C,0.7058823529411765,CC1CCC2C(C1)C(C(C)C)CCC2(C)O
CC(C)C(C)C1CCCCC1,0.4782608695652174,CC(CO)C1CCCCC1
CCCCCCCCCCCC(C)CCCCCCC,0.7,CCCCCCCCCC(C)CO
CCCC(CCC(C)C)CC(C)C,0.36,CCC(O)CCC(C)C
CCCCCCCCCCCC(C)CCC(C)C,0.5833333333333334,CCCCCCCCCC(C)CO
CCC1CCC(CC(C)C)C(CC)C1,0.3333333333333333,CCC1CCC(O)CC1
CCCCC(C)CCC1C(C)CCCC1(C)C,0.5581395348837209,CCC(C=O)CCC1C(C)CCCC1(C)C
CCCCCCC(C)CC1CCC(C)CC1,0.4375,CCCCCCCCCC(C)CO
CCCC1CCC(CC)C(CC)C1,0.32142857142857145,CCC1CCC(O)CC1
NN(N)NN1NNNNN1,0.05263157894736842,COC(=O)c1ccccc1N
CCC1C(C(C)C)C(C)C(C(C)C)CC1C(C)(C)C,0.25,CC1CCC(C(C)C)C(O)C1
CCC(C)CC1C(C)CCCC1C,0.32142857142857145,CCC(C)CCO
CC(C)CCCC(C)C1CCCCC1C,0.358974358974359,CC(C)CCCC1CCCCC1=O
CC(C)C1CCC(C)(C)C(C)C1,0.37142857142857144,CCC(=O)C1(C)CCC(C(C)C)CC1
CCC(C)(C)CC1CCCCC1,0.38461538461538464,OCCC1CCCCC1
CC(C)C1CCC(C)C23CCC(C)(C)C2C13,0.2972972972972973,CC1CCC(C(C)C)C(O)C1
CCC1(CC(C)C)CCCCC1,0.2727272727272727,CCCCCCCCCCCCC1(O)CCCCC1
SSSSSSSSS,0.15384615384615385,CSSSC
CC(C)CCCC(C)CCCC(C)C1CC1,0.43333333333333335,CC(C)CCCC(C)CCCC(C)C=O
CCC1CC(C)CCC1C(C)C,0.5172413793103449,CC1CCC(C(C)C)C(O)C1
CCCCCCCCCCCC(C)CC,0.6363636363636364,CCCCCCCCCC(C)CO
CC(C)C(C)CC1CCCC1C,0.25,CC1CCCC(C)(C)C1CO
CC1CC(C)C(CCC2CC(C)CC2C)C1,0.24242424242424243,CCC(C)(C)C1CCC(O)C(C)C1
CCC(CC)CC1CCCC1,0.375,CCC(CC)CC1CCOC1=O
CC(C)CCC1CCCC1C,0.4117647058823529,CC(C)CCC1C(=O)CCC1C
CC1CCC(C(C)C)C(C)C1,0.6,CC1CCC(C(C)C)C(O)C1
CCC(C)CC(C)C(C)C,0.36363636363636365,CCC(C)CCO
CCC(C)C(C)CCCCC1CCCCC1,0.45714285714285713,CCC(=O)O.CCCCCC1CCCCC1
C1CCC(CCCCC2CCCCC2)CC1,0.6842105263157895,OCCCC1CCCCC1
CC(C)C1CCC(C(C)C)CC1,0.7333333333333333,CC1CCC(C(C)C)CC1
CCCCCCCC(CCC)CCC,0.5238095238095238,CCCCCCCCCC(O)O
CC(C)CC1C(C)CCC1C,0.3225806451612903,CC(C)CC1CCC(=O)O1
CCCCC1CC(C)CC(C)C1,0.36666666666666664,CCCCCCCC1CCC(O)CC1
CCCCCCCCCCCCC(C)C,0.6,CCCCCCCC(C)O
CC(C)CC(C)C(C)CC(C)C,0.4666666666666667,CC(C)CC(C)O
CCC1CCC(CC)CC1,0.6875,CCC1CCC(O)CC1
CCCC(C)CC1C(C)CCC1C,0.2894736842105263,CC(C)=CCCC(C)CC1OCCO1
SSSSS,0.16666666666666666,CSSSC
CCCC1(C)CCC23CC1C(C)(C)C2CCC3C,0.5833333333333334,C[C@@H]1CC[C@H]2C(C)(C)[C@H]3C[C@@]12CC[C@@]3(C)O
CCCCCCCCCCCCCCCCCCCC(C)C,0.6,CCCCCCCC(C)O
CC(C)CCCC(C)CCCC(C)C1CCCCC1C,0.3611111111111111,CC(C)CCCC(C)CCCC(C)C=O
CCC(C)C1CC2CC1C(C)(C)C2,0.24390243902439024,CCC(C)C1CCCCC1=O
CCC1C(C)CC(C)C(C)C1CC,0.23076923076923078,CCC1CCC(CC)O1
CC1CCC(C)C1C,0.28,C=C(C)C1CCC(C)C(O)C1
CCCCCCCC(C)C1CCCCC1,0.4827586206896552,CC(CO)C1CCCCC1
CCCCC(C)CCC(C)C,0.44,CCCCCCCCCC(C)CO
CCC(C)(CCCC(C)CCCC(C)C)CC(C)C,0.4857142857142857,C=CC(C)(O)CCCC(C)CCCC(C)CCCC(C)C
CC(C)CCCCC(C)C,0.5625,CC(C)CCCC(C)O
CCCC(CCCC(C)C)CC(C)C,0.4,CC(C)CCCC(C)O
CC1(C)CCCC2(C)C1CCC1(C)CCCC12,0.5142857142857142,CC1(C)CCCC2(C)C1CCC1(C)OCCC12
CCCCCCCCC(CC)CCCCCC,0.5454545454545454,CCCCC(CC)CO
CC(C)CCCCCCCCCCCCCCC(C)CCC(C)CCCC(CCC(C)CCCCCCCCCCCCCCC(C)C)CC(C)CCCCCCCCCCCCCCC(C)C,0.4666666666666667,COC(CC(C)CCCC(C)C)OC
CCC(CC)C(C)(C)CCC(C)C,0.4,CCC(O)CCC(C)C
CC(C)CCCC(C)CC1CCCCC1,0.375,CC(C)CCCC(C)CC=O
CCC(C)C(C)CC(C)C,0.3684210526315789,CC(C)CC(C)O
CCCC(C)C(C)CCC,0.4375,CCCC(O)CCC
C1CC1,0.3333333333333333,C1CCC(C2CCCCC2)CC1
CCCC(C)C(C)C(C)CC,0.3333333333333333,CCCC(O)CCC
CC(C)CC1CC(C)C2CC1C2(C)C,0.2972972972972973,CC1CC(O)C2(C(C)C)CC12
CC1C2(C)CCC(C2)C1(C)C,0.5769230769230769,CC1(C)[C@H]2CC[C@](C)(C2)[C@H]1O
CC(C)CCCC(C)CC1CCCC1,0.3870967741935484,CC(C)CCCC(C)CC=O
CC1CC(C)(C)C(C)CC1(C)C,0.2692307692307692,CC1CC(=O)CC(C)(C)C1
CCCCCC(C)C(C)CC(C)CCC,0.4482758620689655,CCCCCCCCCC(C)C(OC)OC
CC(C)C1CC2C(CC1C)C2(C)C,0.34210526315789475,CC1CCC2C(C1)C(C(C)C)CCC2(C)O
CC1CCC2(C)C(C)CCC(C(C)C)C2C1,0.4146341463414634,CC1CCC2C(C1)C(C(C)C)CCC2(C)O
CCC(C)CCC(C)C(C)CC,0.47619047619047616,CCC(C)CCO
CC(C)CCCCCCCC(C)C,0.5294117647058824,CC(C)CCCC(C)O
CC(C)C1CCCCC1,0.7368421052631579,CC(C)C1CCCCC1.CCO
CCCCCCC(C)CC(C)CCCCCC,0.6363636363636364,CCCCCCCCCC(C)CO
CCC1CCC(C(C)C)CC1,0.5185185185185185,CC(C)C1CCC(CC(C)C(C)O)CC1
OOOOOOOO,0.21428571428571427,CCOO
CCCC(C)C(C)C(C)C,0.35,CCCC(O)CCC
CCCCCCCC(C)CCC,0.6363636363636364,CCCCCCCCCC(C)CO
CC(C)CCC1CCC(CC(C)C)CC1,0.40625,CC(C)CCCC1CCC(=O)CC1
CCC(C)CC1CCCC1,0.35714285714285715,CC(C)C1CCCCC1.CCO
CCCCC(C)CC1CC2CCC1(C)C2(C)C,0.425531914893617,CCCCC(=O)OC1CC2CCC1(C)C2(C)C
CCCCCCCCCCCCCCCCCC(C)CC1CC(C)CCC1C(C)C,0.38461538461538464,CC1CCC(C(C)C)C(O)C1
CC1CCCC(C(C)(C)C)C1,0.42857142857142855,CC1CC(C(C)(C)C)CCC1O
CCCCCC1CC(C)C(C)C1,0.4642857142857143,CCCCCCCC1CCC(O)CC1
CCCCCCCC(C)C,0.6,CCCCCCCC(C)O
CC(C)CC(C)CCCC1CCCCC1,0.43333333333333335,OCCCC1CCCCC1
CCC(C)C(C)CCCC(C)CCCC(C)C,0.4642857142857143,CC(C)CCCC(C)CCCC(C)C=O
CCCC(C)C(C)C1CCCCC1,0.48148148148148145,CC(C)C1CCCCC1.CCO
CCCC(C)C,0.4375,CCCC(O)CCC
CC1CCC2(C)CCC1C2,0.36666666666666664,CC1C2CCC1(C)C(=O)C2
CCCCC,0.6666666666666666,CCCCCCC
CC1CCC(C(C)C)C2(C1)CC(C)C(C)C2,0.35714285714285715,CC1CCC(C(C)C)CC1
CCCC1CCCC1,0.48148148148148145,CCC(=O)O.CCCCCC1CCCCC1
CCC1CCC2CCCCC12,0.4117647058823529,COC(=O)CC1CCCC2CCCCC21
CCC1CC(CC)C(C)C(C2CC(CC)CC(CC)C2C)C1,0.2857142857142857,CCC1CCC(O)CC1
CCCC(C)CC(C)(CC(C)CCC)C(C)CCC,0.3448275862068966,CCCCC(C)C(C)(C)O
CCC(C)CCCCC1CCCCC1,0.47058823529411764,CCC(=O)O.CCCCCC1CCCCC1
CCCC(C)C1CCC(C)C(C)C1,0.3055555555555556,CC1CCC(C(C)CC=O)CC1
CC(CCC1CCCCC1)CCC1CCCCC1,0.4583333333333333,OCCC1CCCCC1
CCCCCCCCC(C)C1CCCCC1,0.4827586206896552,CC(CO)C1CCCCC1
CC1C2CCC(C2)C1(C)C,0.4827586206896552,CC(O)C1C2CCC(C2)C1(C)C
CCCCC(CC)CCC(C)CC,0.52,CCCCC(CC)CO
CC(CC1CCCCC1)CC1CCCCC1C,0.3157894736842105,CC(C)OC(=O)CC1CCCCC1
CCCCCCCCCCC(CCC)CCC,0.5238095238095238,CCCCCCCCCC(O)O
CC1CC23CCCC(C)(C)C2CC1(C)CC3,0.2857142857142857,CC1(C)CCCC2(C)C1CCC1(C)OCCC12
CCCC1CC(C)CCC1C(C)C,0.4838709677419355,CC1CCC(C(C)C)C(O)C1
CC1CCC2C(C3C(C)CCC13)C2(C)C,0.5625,C[C@H]1CC[C@H]2[C@@H]1C1C(CC[C@@]2(C)O)C1(C)C
CCC(C)CCC1C(C)CCC2C(C)(C)CCCC12C,0.42857142857142855,CCC(C=O)CCC1C(C)CCCC1(C)C
CC(C)C1CC(C)C2(C)CC2C1,0.3103448275862069,CC1CCC(C(C)C)CC1
CCC1CC2C(C)(C)C3CCC2(C3)C(C)(C)C1,0.3076923076923077,CC1(C)[C@H]2CC[C@](C)(C2)[C@H]1O
CCCCCCCCCCCCCC(C)CCCC(C)C,0.5833333333333334,CCCCCCCCCC(C)CO
CCCCCC(C(C)C)C(C)CCC,0.5,CCCCCC(C)O
CCCCCCCCCCCC(C)CCC,0.6363636363636364,CCCCCCCCCC(C)CO
CC1(C)CCC2C(CCCC2(C)C)C1,0.3611111111111111,CC1(C)CC2C3CCCC(C)(C3O)C2C1
CCC(C)(CCCC(C)C)CC(C)CC1CCCCC1,0.38461538461538464,CCC(C)(O)CCCC(C)C
CCCC(CCC)C1CCC(CC)CC1,0.4230769230769231,CCC1CCC(O)CC1
CC(C)CCC1CCCC1,0.43333333333333335,CC(C)CCCC1CCC(=O)CC1
CCC(C)C1CCC(C)C(CC)C1,0.3684210526315789,CCC(C)C1CCC(OC(C)=O)CC1
CCCCCC(CCCC)CCCCC,0.5238095238095238,CCCCC(CC)CO
CCCCCC(C)(C)C,0.55,CCCCCCCC(C)(C)O
CC(C)CCCC1CCC(C)C1(C)C,0.3783783783783784,CC(C)CCCC1CCC(=O)CC1
CCCCCC(C)CC(C)CC,0.52,CCCCCCCCCC(C)CO
CCCCC1CC(C)C2CCCCC12,0.4,CCCCCCCC1CCCC1O
CC(C)CCC1CCCCC1C,0.4117647058823529,CC(C)CCC1C(=O)CCC1C
NNNNNN(N)N(N)N,0.05405405405405406,COC(=O)c1ccccc1N
CCCC(C)CCCC1CCCCC1,0.47058823529411764,CCC(=O)O.CCCCCC1CCCCC1
CCCCCCCCCC(C)C(C)C,0.5833333333333334,CCCCCCCCCC(C)C(OC)OC
CCCCCCC(CCCC(C)C)CC(C)C,0.4444444444444444,CCCCCCCC(C)O
CCCCCCCCCC(C)CCCCCCCCC,0.7,CCCCCCCCCC(C)CO
CC1CC(C)C(C)C1,0.2916666666666667,C=C(C)C1CCC(C)CC1O
CC(C)C(C)CC1C(C)CCCC1C,0.2571428571428571,CC1CCCC(C)(C)C1CO
CCCCC(CC)CCC(C)C1CCCCC1C,0.3611111111111111,CCCCC(CC)CO
CCC1CCCC1,0.65,CC(=O)O.CCC1CCCCC1
CCCCCCCC(CCC)CCCCC,0.5238095238095238,CCCCCCCCCC(O)O
CC(C)C1CCC(C)(C)C1C,0.42857142857142855,CC1CCC2C(C1)C(C(C)C)CCC2(C)O
CCC(C)CCC1CC1(C)C,0.37037037037037035,CCC(C)CCO
CCC(C)C1C(C)CCCC1(C)C,0.4411764705882353,CC1CCCC(C)(C)C1CO
CC1CC(CC2CCCCC2)CC1C,0.375,OCC1CCCCC1
CC(C)CCC(C)C(C)(C)C,0.4090909090909091,CCC(O)CCC(C)C
CCCCCCCCCCCC1CCCCC1C(C)CC,0.5294117647058824,CCCCCCCC1CCCC1O
CC(C)CCC(CC(C)C(C)C)C(C)C,0.5217391304347826,CC(C)CCC(CO)C(C)C
CCCC(C)CC1CCC(C)CC1,0.35714285714285715,CC1CCC(C(C)C)CC1
CCCCCCCCC1CCCC1C,0.6206896551724138,CCCCCCCC1CCCC1O
CCCCCCCCC(C)C(C)CCC,0.5833333333333334,CCCCCCCCCC(C)C(OC)OC
CC1CCC(C(C)CC2CCCC2C)CC1,0.4411764705882353,CC1CCC(C(C)CC=O)CC1
CCCC1CC(CC)C(C)C(CC)C1,0.2857142857142857,CCCC1CC(=O)C=C(C)C1
NNNNNNNNN(N)NN,0.058823529411764705,O=S(=O)([O-])NC1CCCCC1.[Na+]
CCC(C)C(C)CCC1CCCC1,0.35714285714285715,OCCC1CCCCC1
CC(C)CCCC(C)CCCC(C)CCCC(C)CCCC(C)C,0.6190476190476191,CC(C)CCCC(C)CCCC(C)C=O
CCCCCC(C)CC(C)C1CCCCC1,0.45161290322580644,CC(CO)C1CCCCC1
CC(C)C1CC2C(C(C(C)C)C1C)C(C)(C)CC2(C)C,0.28888888888888886,CC1CCC2C(C1)C(C(C)C)CCC2(C)O
CCCCCCCCC(CC(C)C)C(C)CCC,0.42857142857142855,CCCCCCCC(C)O
CC(C)C1CCCC1C,0.4074074074074074,CC1CCC(C(C)C)C(O)C1
CCCCCCC1CCCCC(C)C1,0.5151515151515151,CCC(=O)O.CCCCCC1CCCCC1
CCCC(CCC)CCC1CCCCC1,0.42424242424242425,CCC(=O)O.CCCCCC1CCCCC1
SSSSSSSSSSS,0.15384615384615385,CSSSC
CC1CCCC1CCC1CCCC1C,0.3333333333333333,CCCCCCCC1CCCC1O
CC(C)C(C)(C)CCC1CCC(C)C1(C)C,0.25,C=C1CCC(C)C(C)(C)C1CCC(C)=O
CCCCCCCCC(C)CCCCC,0.7,CCCCCCCCCC(C)CO
CC(CCC1CCCC1)CCC1CCCC1,0.4166666666666667,OCCC1CCCCC1
CCCCCCC1CCC(CCC(CC)CC)CC1,0.5666666666666667,CCCCCCCC1CCC(O)CC1
OOOOOOOOOO,0.21428571428571427,CCOO
CCCCCC1CCC(CC)CC1,0.64,CCCCCCCC1CCC(O)CC1
CCCCCCCCCCC(C)C1CCCCC1C,0.375,CCCCCCCC(C)O
CCCCCCCCCCC(C)CC(C)C,0.5833333333333334,CCCCCCCCCC(C)CO
CCCCCCCCCCCC(C)C,0.6,CCCCCCCC(C)O
CCCCCCCCCCC(C)CC1CCCCC1,0.45161290322580644,CCCCCCCCCC(C)CO
CC(C)C(C)C(C)C,0.3,CC(C)O
SSSSSSS,0.15384615384615385,CSSSC
CC1CCC2CC(C(C)C)CCC2C1,0.5652173913043478,CC1CCC(C(C)C)CC1
CC1CCC(CC2CCCCC2)CC1,0.391304347826087,OCC1CCCCC1
CCCCCC(C)CCC,0.5909090909090909,CCCCCCCCCC(C)CO
CCCC(CC)CCC,0.42857142857142855,CCCCC(CC)CO
CC(C)CCC(C)CC1CCCCC1,0.34285714285714286,CC(C)OC(=O)CC1CCCCC1
CCCCCCCCC(C)CCCC1CCCCC1,0.5294117647058824,CCC(=O)O.CCCCCC1CCCCC1
CCCCCC1C(C)CCC1CC(C)CC,0.3333333333333333,CCCCCC1C(=O)CCC1C
CCC(C)C1CCCCC1CCC(C)CC1CCC2CCCC2C1,0.3333333333333333,CCOC(=O)CC1CCC2CCCCC2C1
CC(C)CCC12CC1(C)CCCC2(C)C,0.24242424242424243,CC1(C)CCCCC1(C)O
CCCC(C)C1CCC(C)CC1,0.5172413793103449,CC1CCC(C(C)CC=O)CC1
CC(C)CC1CCC(C)CC1C,0.34375,CC1CCC(C(C)C)C(O)C1
CC12CCC(C1)C(C)(C)C2(C)C,0.3333333333333333,CC1(C)[C@@H]2CC[C@]1(C)[C@H](O)C2
CC(C)C1CC2CC(C3CCCC3)C1CC2C,0.34285714285714286,CC1CCC(C(C)C)C(O)C1
CCCC(CC)CC(C)CC,0.375,CCC(C)CCO
CCCC(C)C(C)C,0.3888888888888889,CCCC(O)CCC
C1CCC(CC2CCCC2CC2CCCC2)C1,0.38095238095238093,OCC1CCCCC1
CC1CCCCCCCCCCCCC(C)C1,0.4166666666666667,CC1CCCCCCCCCCCCC(=O)C1
CC(C)CCC1C(C)CCC(C)C1(C)C,0.3783783783783784,CC(C)CCC1C(=O)CCC1C
CC1CC2CCCC(C)C2C1C,0.34375,CC1CCCC(C)(C)C1CO
CCCCCCCC(C)C(C)(C)C,0.52,CCCCC(C)C(C)(C)O
CC(C)C1CCC2CCCC21,0.36666666666666664,CC1CCC(C(C)C)C(O)C1
CCCCCCCCCCCCCCCCCC(C)CCC(C)CC,0.5833333333333334,CCCCCCCCCC(C)CO
CC(C)CC1(C(C)C)CCC(C)CC1,0.32142857142857145,CC1CCC(C(C)C)CC1
CC1(C)C2CCC3(C2)C1CCCC3(C)C,0.35294117647058826,CC1(C)[C@H]2CC[C@](C)(C2)[C@H]1O
C1CCC(CCCC2CCCCC2)CC1,0.6842105263157895,OCCCC1CCCCC1
CC1CCCC(CCC2CCCCC2)C1,0.4230769230769231,OCCC1CCCCC1
CCCCCCCCC(CC)C(C)C,0.5,CCCCCCCC(C)O
CCCC(C)C(C)C(C)CC(C)C,0.3076923076923077,CCOC(C)CC(C)C
CC(C)CCC(CCC(C)C)C(C)C,0.6666666666666666,CC(C)CCC(CO)C(C)C
CCC1(C)CCC(C(C)(C)CCCC(C)C)C1,0.358974358974359,CCC(C)(O)CCCC(C)C
CCCC(C)C1CCCC1C1CCCCC1,0.375,OC1CCCCC1C1CCCCC1
CCCCCC(CC1CCCCC1)C(CC)CC,0.40540540540540543,CCC(=O)O.CCCCCC1CCCCC1
CCCCC(C)(C)CC,0.391304347826087,CCCCCCCC(C)(C)O
CCC(C)(C)CCC1CCCCC1,0.4230769230769231,OCCC1CCCCC1
CCC(C)CC(C)CCCC(C)C,0.5384615384615384,COC(CC(C)CCCC(C)C)OC
CCCC1CCCCC1,0.5238095238095238,OCCC1CCCCC1
CCCC1CCC(CC(C)CC(C)C)C(CC)C1,0.23684210526315788,CCC1CCC(O)CC1
CC1CCCC2(C)CCC(CC(C)(C)C)CC12,0.325,CC1CCCC(C)(C)C1C=O
CCC(C)CCC(C)CC,0.625,CCC(C)CCO
CCCCCCCCCCCC1CCCC(C)C1,0.47058823529411764,CCC(=O)O.CCCCCC1CCCCC1
CCC(C)(CCCC(C)C)CC(C)C,0.5555555555555556,CCC(C)(O)CCCC(C)C
C1CCC(CCC2CCCC2)CC1,0.6470588235294118,OCCC1CCCCC1
CCCCC1CCC(C(C)C)CC1,0.6666666666666666,CC(C)C1CCC(CCCO)CC1
CCCC1(C)C(C)CC2(C)CCC1C2,0.2972972972972973,CC1(C)[C@H]2CC[C@](C)(C2)[C@H]1O
CCC(C(C)C)C1CCCCC1,0.5,CC(C)C1CCCCC1.CCO
CCC1CCCC(CCC(C)C(C)CCCC2CCCCC2)C1CC,0.3409090909090909,CCC(=O)O.CCCCCC1CCCCC1
CCCCCC1CCCC(C)C1,0.48484848484848486,CCC(=O)O.CCCCCC1CCCCC1
CC(C)CCCC(C)(C)C,0.5652173913043478,CCC(C)(O)CCCC(C)C
CC1CCC2C(C)(C)CCCC2(C)C1,0.3333333333333333,CC1(C)CCCC2(C)C1CCC1(C)OCCC12
CC1CCC2C(C)(C)C3CC12CC1CC13C,0.5428571428571428,CC1CCC2C(C)(C)C3CC12CC1OC13C
CCCCCCC(C)CCC(C)C,0.5833333333333334,CCCCCCCCCC(C)CO
CCCC(C)CCCCCCCCC(C)CCC,0.5454545454545454,CCCCCCCCCC(C)CO
CCCC1CCC2CCCC2C1,0.45161290322580644,O=CCC1CCC2CCCCC2C1
CCCCCCCCC(C)C(C)C,0.5833333333333334,CCCCCCCCCC(C)C(OC)OC
CCC(C)CC(C)CCC(C)C,0.43478260869565216,CCC(O)CCC(C)C
CCC(C)(C)CC(C)C,0.47619047619047616,CCC(O)(CC(C)C)CC(C)C
CCC(C)C(C)CC,0.46153846153846156,CCC(C)O
CC(C)CC(C)CC1CCC1C,0.2777777777777778,CC(C)CC1CCC(=O)O1
CC1CCCCCCCCCCCCCCC1,0.5238095238095238,CC1CCCCCCCCCCC(=O)CC1
CCC(C)C1CC(CC)C(C)C(CC)C1,0.32432432432432434,CCC(C)C1CCC(OC(C)=O)CC1
CCCCCCCC1CCC(C)C1,0.5517241379310345,CCCCCCCC1CCC(O)CC1
CCCCCCC(CC)CCCC,0.5909090909090909,CCCCC(CC)CO
CC(C)CC1CCC2C(C1)C(C)CC2(C)C,0.30434782608695654,CC1CCC2C(C1)C(C(C)C)CCC2(C)O
CCCCCCCCC(C)CCC,0.6363636363636364,CCCCCCCCCC(C)CO
CCCC(C)CC(C)CCCC(C)C,0.5384615384615384,COC(CC(C)CCCC(C)C)OC
CC1CCC2CCC(C)CC2CC1,0.36363636363636365,CC1CCC(C(C)C)CC1
CCCCCCCCCCCC(C)C1CCCCC1C,0.375,CCCCCCCC(C)O
CCCCCC(C)CC,0.5909090909090909,CCCCCCCCCC(C)CO
CCCC1CCC(C)C(CC)C1CC,0.2631578947368421,CCCCCC1C(=O)CCC1C
CC1CC(C)C(C(C)C)C1,0.4074074074074074,CC1CCC(C(C)C)C(O)C1
CCCCCC(CCCC)CC1CCCCC1,0.42857142857142855,CCC(=O)O.CCCCCC1CCCCC1
CCCC(CCC)CC(C)C,0.35,CC(C)CC(C)O
CCCC1C(C)CC(C)C1C,0.25,CCCCCC1C(=O)CCC1C
CCC(C)C1C(C)CC(C)C(C)C1C,0.2702702702702703,CCC(C)C1CCCCC1=O
CCC(C)CC(C)(CC)CCCC(C)C,0.5,CCC(C)(O)CCCC(C)C
CCCCCCCCC,1.0,CCCCCCC
CCC(C)(C)CCC1C(C)(C)CCC2C(C)(C)CCCC21C,0.5102040816326531,C=C[C@](C)(O)CC[C@@H]1[C@@]2(C)CCCC(C)(C)C2CC[C@@]1(C)O
CCC1CCC(CC)C(C(C)(C)C)C1,0.3448275862068966,CCC1CCC(O)CC1
CC(C)CC1(C)CCCC(C)(C)C12CCC(C)C2,0.23255813953488372,CC1CCCC(C)(C)C1CO
CCCCCCCCC(C(C)C)C(C)CCC,0.52,CCCCCCCC(C)O
CC(C)CCCC(C)CCCC(C)C1CCCCC1,0.4666666666666667,CC(CO)C1CCCCC1
CCCCCCCCCCCCCCCCCC(C)CCCCC,0.7,CCCCCCCCCC(C)CO
CC(C)CCCC(C)CCC1CCCC1C,0.3611111111111111,CC(C)CCCC(C)CCCC(C)C=O
CCCCC1CCC2CCCCC2C1,0.46875,O=CCC1CCC2CCCCC2C1
CCCCC(C)CCC1CCCC1,0.4411764705882353,CCC(=O)O.CCCCCC1CCCCC1
CC(C)CC(C)CC(C)(C)C,0.4583333333333333,CC(CC=O)CC(C)(C)C
CCC1(C)C(C)C(C)CC(C)C1C,0.25,CCC1CCC(C)(O)O1
CCCCC1CCC(C)CC1,0.5185185185185185,CCCCCCCC1CCC(O)CC1
C1CCC(CCCCC2CCCC2)C1,0.631578947368421,OCCCC1CCCCC1
CC1(C)CCC2CC1C2(C)C,0.375,CC(=O)O.CC1(C)C2CCC(C)(C3(C)CCC4CC3(C3(C)CCC5CC3C5(C)C)C4(C)C)C1C2
CCCC(C)CC(C)C,0.35,CC(C)CC(C)O
CC(C)CCCC(C)C1CCC(C)C1,0.41025641025641024,CC(C)CCCC1CC(C)CCC1=O
CC(C)CCCC1CCC2CC1C2(C)C,0.35,CC(C)CCCC1CCC(=O)CC1
CCC1CC(C)CC(C)C1C,0.25,C=C(C)C1CCC(C)CC1O
CC(C)C1(C)CC2(C)CC(C)(C(C)C)CC2(C)C1,0.28,CC(C)C12CCC(C)(CC1)O2
CCC1CC2CC1C1CCC(C)CC21,0.3125,CCOC1CCC(C)CC1
CCCC(C)C(C)CC1CCCCC1,0.3548387096774194,CC(C)C1CCCCC1.CCO
CCCCCCCCCC(C)CCCC1CCCC1C,0.4594594594594595,CCCCCCCC1CCCC1O
CCC(C)C(C)(C)C,0.35294117647058826,CCC(C)O
CC(C)C(C)CCC1C(C)CCCC1(C)C,0.575,CCC(C=O)CCC1C(C)CCCC1(C)C
CCCCCC1CCC(C)C1,0.5172413793103449,CCCCCCCC1CCC(O)CC1
CCCCCCCC(C)CCCC1CCCCC1,0.5294117647058824,CCC(=O)O.CCCCCC1CCCCC1
CCCC(C)C(C)CCC(C)C,0.4090909090909091,CCC(O)CCC(C)C
CC(C)CC1CC2CCC1(C)CC2(C)C,0.2916666666666667,CC(C)CC(=O)OC1CC2CCC1(C)C2(C)C
CCC(C)CCC1CC(C)CCC1C(C)C,0.42857142857142855,CC1CCC(C(C)C)C(O)C1
OOO,0.3,CCOO
CC(CCCCC1CCCCC1)CC1CCCCC1,0.43333333333333335,OCCCC1CCCCC1
CC1CCC2CCCC12,0.36,OC1CCCCC1C1CCCCC1
CCC(C)C1CC(C)C(C)C1,0.36363636363636365,CCC(C)C1CCC(OC(C)=O)CC1
CC1CCC2CC1CC2(C)C,0.3235294117647059,CC(O)C1C2CCC(C2)C1(C)C
CC(C)CCC(C)CC(C)C,0.4,COC(CC(C)CCCC(C)C)OC
CCC(C)CCCCC(C)CC,0.5714285714285714,CCC(C)CCCC(C)(C)O
CCCCC(C)(C)CCC,0.391304347826087,CCCCCCCC(C)(C)O
CC(CCC1CCCCC1)C1CCCCC1,0.5185185185185185,CC(CO)C1CCCCC1
CCCCCCC1CCC(CC(C)C)C1,0.5,CCCCCCCC1CCC(O)CC1
CCC1CCCC(C(C)C)C1,0.4642857142857143,CC(C)C1CCCCC1.CCO
CC1CCC(C)C(C)C1,0.4,C=C(C)C1CCC(C)CC1O
NNN(N)N(NN)NNN(N)N,0.07142857142857142,COC(=O)c1ccc2c(c1)OCO2
CCCCCCCCCCC(C)C,0.6,CCCCCCCC(C)O
CC(CC1CCCCC1)C1CCCCC1,0.56,CC(CO)C1CCCCC1
CCCC(C)CC(C)(C)CC,0.3103448275862069,CCCCC(C)C(C)(C)O
CCC(CC)CC,0.38461538461538464,CCC(C)O
OOOOOOOOOOO,0.21428571428571427,CCOO
CC(C)CCC1CCCCC1,0.4583333333333333,OCCC1CCCCC1
CCCCCCCC(CC)CCC,0.5,CCCCC(CC)CO
CCC(C)(CCC(C)C)C(C)C,0.4444444444444444,CCC(C)(O)CCCC(C)C
CC1CC2C(C)(C)CCCC2(C)C1C,0.3783783783783784,CC1(C)CCCC2(C)C1CCC1(C)OCCC12
CCC(C)CCC(C)(C)CC(C)C1CCCC(C)(C)C1,0.29545454545454547,CCC(C)CCCC(C)(C)O
CC(C)C(C)CCCC1CCCCC1,0.4642857142857143,OCCCC1CCCCC1
CCCCCCCC(C)C(CC)CC,0.5384615384615384,CCCCCCCCCC(C)C(OC)OC
CCCCCCCC1(C(C)C)CC1,0.43333333333333335,CCCCCCCCCCCCC1(O)CCCCC1
CC(C)CCCC(C)CC1CCC(C)C1,0.3902439024390244,CC(C)CCCC1CC(C)CCC1=O
CCCCCCC1CCCCC1,0.7307692307692307,CCC(=O)O.CCCCCC1CCCCC1
CCC1CCC(CC)C(CC)C1,0.4166666666666667,CCC1CCC(O)CC1
CC(C)CC(C)CC(C)C1CCCCC1,0.5185185185185185,CC(CO)C1CCCCC1
CC(C)CCCCCCCCCCCC(CCCCCCCCCCCC(C)C)CC(C)CCCC(C)(C)C,0.40540540540540543,C=CC(C)(O)CCCC(C)CCCC(C)CCCC(C)C
CCC1CCC2CCCCC2C1,0.5357142857142857,O=CCC1CCC2CCCCC2C1
CC1CCCC1C1CCCC1,0.4166666666666667,OC1CCCCC1C1CCCCC1
CC(C)CC(C)CC1CC(C)CCC1C(C)C,0.4411764705882353,CC1CCC(C(C)C)C(O)C1
CC1CCCCC1CC1CCCCC1,0.36,OCC1CCCCC1
CC(C)CC(C)C(C)(C)CCC1CCCC2CC(C)C(C(C)C)C(C)C12,0.21153846153846154,CC1CC(C(C)(C)C)CCC1O
CCCCCCCCCC(C)CCCC,0.6666666666666666,CCCCCCCCCC(C)CO
CC(C)CCC1CC(C)CCC1C,0.3888888888888889,CC(C)CCC1C(=O)CCC1C
CCCCCCCCCC,1.0,CCCCCCC
CCCCCCC(C)CCCC,0.6666666666666666,CCCCCCCCCC(C)CO
CCCC(C)CC1C(C)CC(C)C1C,0.23809523809523808,CC(C)=CCCC(C)CC1OCCO1
CCC(C)CC1CC(C(C)C)CCC1C,0.3548387096774194,CC1CCC(C(C)C)CC1
CCCC1CC(C)C(C)C1,0.3225806451612903,CCCC1CC(=O)C=C(C)C1
CCCCCCCCCCC(C)CCCC(C)CCCC(C)C,0.5833333333333334,CCCCCCCCCC(C)CO
CCC(C)CCC(C)CC1CCCCC1,0.35714285714285715,CCC(C)CCO
CC(C)C1CCCCC1CC(C)C1CCCCC1,0.4666666666666667,CC(CO)C1CCCCC1
CCC(CC)CCC(C)C,0.5,CCC(O)CCC(C)C
CCCC(C)CC(C)C(C)CCC,0.3181818181818182,CCCC(O)CCC
CC(CCCCC1CCC2CCCC2C1)C1CCCCC1,0.3684210526315789,CC(CO)C1CCCCC1
CCCCC(C(C)C)C(C)CCC,0.4,CCCCCC(C)O
CC(C)CCC1CCC(C)CC1C,0.3888888888888889,CC(C)CCC1C(=O)CCC1C
CCC1CCC(CC(C)(C)CC)CC1,0.44,CCC1CCC(O)CC1
CCCCCCCCCCCCCCCCCC(C)CCC(C)C1CCC(C)C1C,0.39473684210526316,CCCCCCCCCC(C)CC=O
CCC1CC(C2CC(C)C(C)C2)CCC1C,0.2413793103448276,CCC1CCC(CC)O1
CCC(C)CCCC(C)(C)C,0.6956521739130435,CCC(C)CCCC(C)(C)O
CCCCCCC1C(C)CCC1C(C)CC,0.36585365853658536,CCCCCCCC1C(=O)CCC1C
CCCCCCCCCC(C)CCCCCC,0.7,CCCCCCCCCC(C)CO
CC12CCC3C(CCC4C(C)(C)CCCC43C)(CC1)C2,0.46153846153846156,CC1(C)CCCC2(C)C1CCC1(C)OCCC12
CCC(CC)C1CCCCC1,0.5,CC(C)C1CCCCC1.CCO
CCCCCCCC(C)CCCC1CCCC1C,0.4594594594594595,CCCCCCCC1CCCC1O
CCC1CC2CC(C)C1CC2C(C)C,0.2777777777777778,CC1CCC(C(C)C)C(O)C1
CCCCCCCCCCCCCC(C)C,0.6,CCCCCCCC(C)O
CC1CCCCC1C(C)(C)C,0.5217391304347826,CC(C)(C)C1CCCCC1O
CC(C)CCCC(C)CCCC(C)CCCC(C)CCCCC(C)CCCC(C)CCCC(C)CCCC(C)C,0.5909090909090909,CC(C)CCCC(C)CCCC(C)C=O
CC1CC(C)C2CCCCC12,0.2916666666666667,OC1CCCCC1C1CCCCC1
CCCCCC(C)CCC(C)C,0.5416666666666666,CCCCCCCCCC(C)CO
CC1CCCCC1CCC1CCCCC1C,0.3103448275862069,CC(=O)OC1CCCCC1C
CCCCC(C)CC(C)C,0.44,CCCCCCCCCC(C)CO
CCCC(C)CCC(C)C(C)CCC,0.3333333333333333,CCCC(O)CCC
CCCC,1.0,CCCC
CCCCCC(C)C(C)CC(C)C,0.5384615384615384,CCCCCCCCCC(C)C(OC)OC
CC1CCC2CCC(C(C)C)CC2CC1,0.6363636363636364,CC1CCC(C(C)C)CC1
CC1CCC(C(C)C)C(CC(C)C2CCCCC2C)C1,0.4444444444444444,CC1CCC(C(C)C)C(O)C1
CC1CCC2CC23CCC2C(C2(C)C)C13C,0.27906976744186046,C[C@@H]1CC[C@H]2C(C)(C)[C@H]3C[C@@]12CC[C@@]3(C)O
CCCCCC1CC1CCCC,0.4642857142857143,CCCCCCCC1CCCC1O
CC(C)CCCC(C)CCC(C)C,0.5652173913043478,CC(C)CCCC(C)CCCC(C)C=O
CCCCCCCC(C)C1CCCCC1C,0.375,CCCCCCCC(C)O
CC1CCCC(C)(C)CC2CC2(C)CCC1,0.3235294117647059,CC1(C)[C@H]2CC[C@](C)(C2)[C@H]1O
CCC(C)(C)CCCC(C)CCCCCC(C)C,0.5172413793103449,CCC(C)(O)CCCC(C)C
CCCCC1CCCC1,0.6153846153846154,CCC(=O)O.CCCCCC1CCCCC1
CCC(C)C(C)CC1C(C)CCCC1(C)C,0.5294117647058824,CC1CCCC(C)(C)C1CO
CCC(C)CC1CC(C)C2CC(C(C)C)CC2C(C)C1,0.28205128205128205,CC(C)C1CCC(CC(C)C(C)O)CC1
CC(C)CCCC1(C)C2CCC(C)C1C2,0.30434782608695654,CC(C)CCCC1CC(C)CCC1=O
CCC(CC(C)C)C1CCCCC1,0.4642857142857143,CC(C)C1CCCCC1.CCO
CCCCCC(C)CC(CCCC)C(C)CCC,0.43333333333333335,CCCCCCCCCC(C)CO
CC1CCC(C(C)CC2CC(C)CCC2C(C)C)C1,0.4411764705882353,CC1CCC(C(C)C)C(O)C1
CC(C)CCC(C)C,0.5384615384615384,CC(C)CCO
CCCCCCCCCCCCCCCC(C)CCCC(C)C,0.5833333333333334,CCCCCCCCCC(C)CO
CCCC(C)CC1(C)CCCC1,0.25925925925925924,CCCC(O)CCC
CC(C)CC1CCC(C)C2CC(C)(C)C2CCC1C,0.26666666666666666,C[C@H]1CC[C@H]2[C@@H]1C1C(CC[C@@]2(C)O)C1(C)C
CCCCCCCCCCC(C)CCC,0.6363636363636364,CCCCCCCCCC(C)CO
CC(C)CC(C)CCCCC1CCCCC1,0.41935483870967744,OCCCC1CCCCC1
CCCCCCC(CCC1CCCCC1C(C)CC)CC1CCCCC1,0.3404255319148936,CCCCCCCC1CCCC1O
C1CCCCCC1,0.3333333333333333,C1CCC(C2CCCCC2)CC1
CCC(C)(CCC1CCCCC1)CC(C)C,0.35135135135135137,CC(O)CC(C)(C)C1CCCCC1
CCCCCCCC1CC1CC,0.4666666666666667,CCCCCCCC1CCCC1O
CCC1CC(C2CCC(C)C2)CCC1C,0.29411764705882354,C=C(C)C1CCC(C)CC1O
CCCCCC(C)CC(C)CCC,0.5416666666666666,CCCCCCCCCC(C)CO
CCC1CCCC(CC)C1CC,0.3333333333333333,CCCCCCCC1CCCC1O
CCC(C)CC(C)(C)C1CCC(C)CC1,0.4117647058823529,CC(O)CC(C)(C)C1CCCCC1
CC1CC2CCCC2CC1C,0.35294117647058826,C1CCC(C2CCCCC2)CC1
CC1CC(C)C2(C(C)C)CC12,0.6296296296296297,CC1CC(O)C2(C(C)C)CC12
CCC(C)C1CCCC1,0.5652173913043478,CC(CO)C1CCCCC1
CC(C)CC1CC(C)CCC1C(C)C,0.5,CC1CCC(C(C)C)C(O)C1
CCCC1CC2CC1C1CCCC21,0.43333333333333335,OC1CC2CC1C1CCCC21
CCCC1CCC(C)C1,0.3333333333333333,C=C(C)C1CCC(C)CC1O
CCCC(C)CCC1C(C)CCCC1(C)C,0.5853658536585366,CCC(C=O)CCC1C(C)CCCC1(C)C
CC1C2C3CCC1(C)C3(C)CCCC2(C)C,0.2972972972972973,CC1CCCC(C)(C)C1C=O
CC(C)CC(CC(C)C)CC(C)C,0.4666666666666667,CC(C)CC(C)O
CCCCC(CCC)C(C)C,0.38461538461538464,CCCCC(C)C(C)(C)O
CC1CCCCCCCCCCC1,0.5238095238095238,CC1CCCCCCCCCCC(=O)CC1
CCCCCC1CCCCC1,0.76,CCC(=O)O.CCCCCC1CCCCC1
CCCCC(C)C(CCC)CC1CCCC1C,0.30952380952380953,CCCCCCCC1CCCC1O
CCCCC(C)C,0.47368421052631576,CC(C)CCCC(C)O
CC1C(C)C(C)C(C)C1C,0.1875,CC1OCCCCCO1
CC1(C)CCCC2(C)C(C)(C)C3CCC12C3,0.2777777777777778,CC1(C)[C@@H]2CC[C@]1(C)[C@H](O)C2
CC(C)(C)CC1CCCCC1,0.45454545454545453,OCCC1CCCCC1
CCCCCC(CC)C(C)C,0.4782608695652174,CCCCCC(C)O
CCCCCCCCCCCCCCCCCC(C)C,0.6,CCCCCCCC(C)O
CCCC(C)CCCC(CCC)CC(C)C,0.34375,CC(C)CCCC(C)CCCC(C)C=O
CCCCCCCCCC(C)CC(C)CCC(C)CC,0.5384615384615384,CCCCCCCCCC(C)CO
CCC(CCC(C)C)C1CCCCC1,0.4482758620689655,CC(C)C1CCCCC1.CCO
CC1CC2CCC1C2(C)C,0.3793103448275862,CC1C(O)CC2CC1C2(C)C
CCCCCC(C)CCC(C)CCC,0.5652173913043478,CCCCCCCCCC(C)CO
CCC1CCCCC1CC1CC1,0.34615384615384615,CCC1CCC(O)CC1
OOOOOOO,0.21428571428571427,CCOO
CC(C)C1CCCCC1(C)C,0.34375,CC1CCCC(C)(C)C1C=O
CC(C)CC1CCC(CC(C)C)C1,0.3448275862068966,CC(C)C1CCC(CC(C)C(C)O)CC1
CCCC(C)C(CC)CC(C)C,0.2962962962962963,CCC(O)CCC(C)C
CCC1(CC)CCCCCCCCCCC1,0.3333333333333333,CCCCCCCCCCCCC1(O)CCCCC1
CC1CCC(C2CCC(C)C2)CC1,0.36363636363636365,CC1CCC(C(C)C)CC1
CC(C)CCC(CC(C)C)C1CCCCC1,0.4,CC(CO)C1CCCCC1
CCCC(C)CC(CC)C(C)C,0.3076923076923077,CCC(C)CCO
CCCCC(CCCC)CC(C)C,0.4583333333333333,CCCCC(CC)CO
CCC(C)(C)CC1CCCC(C)C1,0.28205128205128205,CCC(C)(C)C1CCC(O)C(C)C1
CCCC(C)C(C)CCCC(C)C,0.45454545454545453,CC(C)CCCC(C)O
CC(C)C1CCC(C)C(C)C1,0.5,CC1CCC(C(C)C)CC1
CC1(C)CCCCC1,0.4375,CC1(O)CCCC1
NNNN(N)NNN,0.07142857142857142,O=S=O
CCCC(C)CCCC1CCCC1C,0.3684210526315789,CCCCCCCC1CCCC1O
C1CCC(CC2CCCC2)CC1,0.5294117647058824,OCC1CCCCC1
CCCCCCCCC1CCC(C)C1,0.5517241379310345,CCCCCCCC1CCC(O)CC1
CC(C)C1CCC(C)C2C(C)CC(C)C2C1,0.39285714285714285,CC1CCC(C(C)C)CC1
CCCCCCCCCCCCCCCCCC(C)CCC,0.6363636363636364,CCCCCCCCCC(C)CO
CCCCCCCCCC(C)CC,0.6363636363636364,CCCCCCCCCC(C)CO
CCC(C)CCCC(C)C,0.5416666666666666,CCC(C)CCCC(C)C=O
CC1CCC(C(C)(C)C)CC2C(C)CCC12,0.5,CC1CC(C(C)(C)C)CCC1O
CCCCC(CC)CCC(C)CCC,0.5,CCCCC(CC)CO
CCC(C)C1CCC(C)(C)C1,0.3611111111111111,CCC(=O)C1(C)CCC(C(C)C)CC1
CC1CCC2C(C3C1CCC3(C)C)C2(C)C,0.4444444444444444,C[C@H]1CC[C@H]2[C@@H]1C1C(CC[C@@]2(C)O)C1(C)C
CCC1CCC(C(C)CC)CC1,0.46875,CCC(C)C1CCC(OC(C)=O)CC1
CCCCC1CCCC(C(C)(C)C)C1,0.4166666666666667,CCC(=O)O.CCCCCC1CCCCC1
CCC1CCC(CCCC(C)CCC2CCC(CC)C(CC)C2)CC1CC,0.3170731707317073,CC(C)CCCC1CCC(=O)CC1
C1CCCCCC2CCCC2CCCC1,0.9,C1CCC(C2CCCCC2)CC1
CCC1CCC(CC)C1C,0.3333333333333333,CCC1CCC(CC)O1
CCCCCCCCCCCCCCCCCC(C)CCCCCC(CCCC)C1CCC(CCCC)C1CCCC,0.36585365853658536,CCCCCCCCCC(C)CC=O
CCCCC1CCC2CC1C2(C)C,0.3157894736842105,CCCCCCCC1CCCC1O
CC1C(C2CCCC2)CCC1C1CCCC1,0.4117647058823529,C1CCC(C2CCCCC2)CC1
CC1CCC(C(C)(C)C2CCC(C)CC2)CC1,0.6,CC1CCC(C(C)(C)O)CC1
CCCCCCCCCC1CCCCC1C(C)CC,0.5294117647058824,CCCCCCCC1CCCC1O
CCCC(CC(C)C)CC(C)CC,0.34615384615384615,CCC(C)CCO
CCC1CCCC(CC)C1C,0.3333333333333333,CCCCCCCC1CCCC1O
CCCC(C)C1CCCCC1CCC,0.32432432432432434,CCCCCCCC1CCCC1O
SSSSSSSS,0.15384615384615385,CSSSC
CCCCC(C)C(C)CCC,0.44,CCCCCCCCCC(C)C(OC)OC
CCCC1C2CCC(C2)C1(C)C,0.4117647058823529,CC(O)C1C2CCC(C2)C1(C)C
CCCCCCCC(C)CC(C)(CC)CCCC(C)C,0.45454545454545453,CCCCCCCCCC(C)CO
CCC(C)C(C)C(C)C,0.35294117647058826,CCC(C)O
CCC(C)CCCC(C)C(C)CC,0.5,CCC(C)CCCC(C)C=O
CCC(C)C1CCCCC1CCCCC1CCCCC1,0.42105263157894735,CCC(=O)O.CCCCCC1CCCCC1
CCCCC(C)C(C)C,0.44,CCCCCCCCCC(C)C(OC)OC
CC1CCC(C(C)C(C)C)C1,0.4782608695652174,CC1CCC(C(C)C)CC1
CCCCCC1CCCCC1C(C)CC,0.5,CCCCCCCC1CCCC1O
CC(CCCCC(C)C(C)CCCCC(C)CCC1CC(C(C)(C)C)C(C)C(C(C)(C)C)C1)CCC1CC(C(C)(C)C)C(C)C(C(C)(C)C)C1,0.24444444444444444,CC(C)CCCC1CCC(=O)CC1
CCCCCCCCC(C)CC,0.6363636363636364,CCCCCCCCCC(C)CO
CCC1(C)CC1CC1CC2CC2(C)C1(C)C,0.24528301886792453,CC1(C)C2CCC(C)(C3(C)CCC4CC3(C3(C)CCC5CC3C5(C)C)C4(C)C)C1C2.CCC(=O)O
CCCCCCCCC(C)CCCC(C)C,0.5833333333333334,CCCCCCCCCC(C)CO
CC1CCC(C(C)(C)CC(C)C2CCCCC2)CC1,0.5,CC(O)CC(C)(C)C1CCCCC1
CCCC1CCCC(C)C1,0.3142857142857143,CCC(=O)O.CCCCCC1CCCCC1
CC(C)CCCCC(C)C1CCCCC1,0.5185185185185185,CC(CO)C1CCCCC1
CCCC(CCC)C1CCC(C)CC1,0.5555555555555556,CCC(CO)C1CCC(C)CC1
CC1CCCC(C(C)C)C1,0.4782608695652174,CC1CCC(C(C)C)CC1
CCCCCCCCCCCC(C)CCCC(C)C,0.5833333333333334,CCCCCCCCCC(C)CO
CCC(C)C1CCCCC1CCC(C)CC1CCC(C(C)(C)C)CC1,0.26,CCC(C)C1CCCCC1=O
CCCC1CCC(CC(C)CCC2CCCCC2)C(CC)C1,0.30434782608695654,CCC(=O)O.CCCCCC1CCCCC1
CCCCCCCCCCCCCCCC(C)CC(C)C,0.5833333333333334,CCCCCCCCCC(C)CO
CC1CC(C)C(C)C(C)(C)C1,0.29411764705882354,CC(=O)OC1CC(C)CC(C)(C)C1
CC1CC2CC(C1C)C2(C)C,0.6,CC1C(O)CC2CC1C2(C)C
CCCC(C)CCCC(C)C,0.52,CC(C)CCCC(C)CCCC(C)C=O
CCCC(C)C1CCC(CC)CC1,0.4074074074074074,CCC1CCC(O)CC1
CC(C)CCCC(C)CCC1CCCCC1,0.42857142857142855,CC(C)CCCC1CCC(=O)CC1
CC1CCC2CCCCC12,0.4166666666666667,OC1CCCCC1C1CCCCC1
CCCCCCC(C)CCC1CCCC1,0.45714285714285713,CCC(=O)O.CCCCCC1CCCCC1
CCCC(C)CC1CCCCC1C(C)(C)C,0.35294117647058826,CC(C)(C)C1CCCCC1O
OOOO,0.2727272727272727,CCOO
CCC(CCC(C)C)CC(C)C,0.43478260869565216,CCC(O)CCC(C)C
CCC(C)(CC)C(C)C,0.35294117647058826,CCC(C)(C)O
CC1CCC(C)C1,0.4090909090909091,CC1CCC(C(C)C)C(O)C1
CCCCC(C)CCCC,0.5238095238095238,CCCCCCCCCC(C)CO
CCC1(C)CCC(C(C)C)C1,0.4411764705882353,CCC(=O)C1(C)CCC(C(C)C)CC1
CC(C)CCCC(C)CCCC(CCCC(C)CCCC(C)C)CC1CCCCC1,0.37142857142857144,CC(C)CCCC(C)CCCC(C)C=O
CCCCCCCCCC(C)CCCCCCC,0.7,CCCCCCCCCC(C)CO
CCCC1CCCCC1CCC,0.39285714285714285,CCCCCCCC1CCCC1O
CC(C)CCC(C)C1CCC(C)CC1,0.5172413793103449,CC1CCC(C(C)CC=O)CC1
CCC(C)CC(C)C1CCCCC1,0.5185185185185185,CC(CO)C1CCCCC1
CC(CCCC(C)(C)C)CC(C1CCC2CCCCC21)C1CCC2CCCCC21,0.30434782608695654,COC(CC(C)CCCC(C)(C)O)OC
NN(N)NNNN(N)NN1NNNNN1,0.05555555555555555,Nc1nc(=O)c2ncn([C@@H]3O[C@H](COP(=O)([O-])[O-])[C@@H](O)[C@H]3O)c2[nH]1.[Na+].[Na+]
CC(C)C1CCC(C)(C)CC1,0.4827586206896552,CCC(=O)C1(C)CCC(C(C)C)CC1
CCCCCC(CC(C)C)CC(C)CCC,0.4,CCCCCCCCCC(C)CO
CCC1CCCCC1C,0.32142857142857145,CC(=O)O.CCC1CCCCC1
CCCCCCCCCC(C)CCCCC,0.7,CCCCCCCCCC(C)CO
CCCC(C)CCCC(C)CCC,0.43478260869565216,CCCCCCCCCC(C)CO
CCC1CCC(C2CCC(C)C2)CC1,0.4230769230769231,CCC1CCC(O)CC1
CCCCCCCCCCCC(C)CCCC(C)CCCC(C)C,0.5833333333333334,CCCCCCCCCC(C)CO
CC(C)CCCC(C)CCCC(C)CC(C)C,0.5833333333333334,COC(CC(C)CCCC(C)C)OC
CCC(C)CC(C)CC(C)C,0.36363636363636365,CCC(C)CCO
CCCCC(C)C1CCCCC1,0.5185185185185185,CC(CO)C1CCCCC1
CCC(C)C1CCC(C)C1,0.44,CC1CCC(C(C)C)CC1
CC(C)CC(CC(C)C)C(C)C,0.4117647058823529,CC(C)CC(C)O
CC1(C)C2CCC3(CC3)C1C2,0.36585365853658536,CC(=O)O.CC1(C)C2CCC(C)(C3(C)CCC4CC3(C3(C)CCC5CC3C5(C)C)C4(C)C)C1C2
CCCCC(C)CCCCC(C)C,0.5,CCCCCCCCCC(C)CO
CCCC1CCC(C(C)C)CC1,0.5925925925925926,CC(C)C1CCC(CCCO)CC1
CC(C)CC1C(C)CCCC1C,0.30303030303030304,CC(C)CC1CCC(=O)O1
CC1CCCCCCCCCCCC(C)C1,0.4166666666666667,CC1CCCCCCCCCCCCC(=O)C1
CCC1CC(CCC(C)C)CCC1C,0.358974358974359,CC(C)CCC1C(=O)CCC1C
CC(CCC(C)C1CCCCC1)CC(C)C1CCCCC1,0.5185185185185185,CC(CO)C1CCCCC1
CCCC(C)CC(CCC)CC(C)C,0.3333333333333333,CCCC(C)C(=O)O
CC(C)CCCCCC1CCCCC1,0.5,CC(C)CCCC1CCC(=O)CC1
CCC1CCC(CC(C)C(C)C)C(CC)C1,0.3225806451612903,CCC1CCC(O)CC1
CCC1CCC(CC2CCCCC2)C1,0.4642857142857143,CC(=O)O.CCC1CCCCC1
NNNN(N)N(NN)NN,0.058823529411764705,COC(=O)c1ccc(Cl)cc1
CCCC(CCC1CCCCC1)CCC1CCCCC1,0.42424242424242425,CCC(=O)O.CCCCCC1CCCCC1
CCC(C)C1CCCCC1(CC)CC(C)C,0.3170731707317073,CCC(C)C1CCCCC1=O
CCCCCCC(C)CCC1CCCCC1,0.4857142857142857,CCC(=O)O.CCCCCC1CCCCC1
CC(C)CC(C)(C)C,0.4090909090909091,CC(CC=O)CC(C)(C)C
CCCC(C)C(CC)CC1CCCCC1,0.35294117647058826,CCC(=O)O.CCC1CCCCC1
CC(C)CCC(C)C1CCCC1,0.52,CC(CO)C1CCCCC1
CCCCCCCCCC(C)CC1CC(C)CCC1C(C)C,0.38461538461538464,CC1CCC(C(C)C)C(O)C1
CC(C)CCC1CC(C)CC(C)C1,0.35294117647058826,CC(C)CCC1C(=O)CCC1C
CCC1CC2CCC1(C)C2(C)C,0.5172413793103449,CC1(C)[C@@H]2CC[C@]1(C)[C@H](O)C2
CCCC1CC(CC)C2CCCC2C1,0.30952380952380953,C=CCC1CC(O)C2CCCCC2C1
CCCCCCCC(CC)CC,0.5454545454545454,CCCCC(CC)CO
CC1CCC2C(C)CC3CCC(C)C3C2C1,0.2558139534883721,CC1CCC2C(C1)C(C(C)C)CCC2(C)O
CCCCCC1CCC(C)CC1,0.6153846153846154,CCCCCCCC1CCC(O)CC1
CCC(C)CC1CCCCC1,0.39285714285714285,CC(C)C1CCCCC1.CCO
CCCCC(C)CCC1CCC(CC)CC1,0.38235294117647056,CCCCCCCC1CCC(O)CC1
CCC(C)C1CC(C)CCC1C,0.375,CC1CCC(C(C)C)C(O)C1
CCCC(CCC)C(C)C1CCCCC1,0.48148148148148145,CC(C)C1CCCCC1.CCO
CCCCC(C)CCCC(C)CC,0.52,CCC(C)CCCC(C)C=O
CC1(C)CCCCCCCCCC2CC21C,0.3333333333333333,CC1(C)CCCCC1(C)O
CCCC(C)C(C)(C)C,0.4166666666666667,CCCCC(C)C(C)(C)O
CC(C)CC1CC2CCC1(C)C2(C)C,0.4857142857142857,CC(C)OC1CC2CCC1(C)C2(C)C
CC1CCCC(C)C2CC(C)(C)C2CC1,0.2972972972972973,CC1CCCC(C)(C)C1C=O
CCCC(C)C1CCCCC1CC,0.30303030303030304,CC(CO)C1CCCCC1
CCCC(C)CC(C)CC(C)C,0.32,CCOC(C)CC(C)C
CCCCCCCC(C)CCC1CCCC1,0.45714285714285713,CCC(=O)O.CCCCCC1CCCCC1
CCCCCC1CC1CC,0.43333333333333335,CCCCCCCC1CCCC1O
CC(C)C1CCCC1,0.6842105263157895,CC(C)C1CCCCC1.CCO
CCCCCCC(C)CCCC(C)C,0.5833333333333334,CCCCCCCCCC(C)CO
CCC1CC2CC1CC2CC,0.2727272727272727,CCC1CCC(CC)O1
CCCCC1CCC(C)C1,0.43333333333333335,CCCCCCCC1CCC(O)CC1
CCC(C)C1CCCCC1CCC(C)CC1CCC(C(C)C)CC1,0.40476190476190477,CC(C)C1CCC(CC(C)C(C)O)CC1
CCC1CCCC(CCCC(C)C)C1,0.45714285714285713,CC(C)CCCC1CCC(=O)CC1
CC1CCC(C2CCCCC2)CC1,0.6,C1CCC(C2CCCCC2)CC1
CCC(C)CCCCCCC(C)C,0.48,CCC(C)CCCC(C)(C)O
CCCC(C)CC1C(C)CCC(C)C1C,0.25,CCC(C)CCO
CCCC(C)C1CCCCC1,0.56,CC(CO)C1CCCCC1
CC1CCC2C(C)CCC2C1,0.2903225806451613,CC1CCC(C(C)C)C(O)C1
CCCC(C)CC1CCCC1,0.3333333333333333,CC(C)C1CCCCC1.CCO
CCC1CCC(CCC(C)C)CC1,0.44,CCC1CCC(O)CC1
CC1CC2(C(C)C)CC2C1C,0.41935483870967744,CC1C(=O)CC2(C(C)C)CC12
CCCC(C)CC(C)(C)CC1CCCCC1,0.34210526315789475,CC(O)CC(C)(C)C1CCCCC1
CCCCCC(C(C)C)C(C)CC(C)C,0.46153846153846156,CCCCCC(C)O
CCC1CC(C)C(C)C1C,0.24,CCC1CCC(CC)O1
CC(C)CCC1CC(C)CC(C)C1C,0.35135135135135137,CC(C)CCC1C(=O)CCC1C
CCCCCC1C(C)CCC1C,0.45161290322580644,CCCCCC1C(=O)CCC1C
CCC1CCC2(CCCCC2)CC1,0.42857142857142855,CC(=O)O.CCC1CCCCC1
CC(C)CC1CC(CC(C)C)CC(CC(C)C)C1,0.3103448275862069,CC(C)CC1CCC(=O)O1
S=S1=S=S(=S)=S(=S(=S)=S)=S=1,0.0625,OC1CCC2CCCCC2C1
CC(C)CCCC(C)CC(C)C(C)CCCC(C)C,0.5384615384615384,COC(CC(C)CCCC(C)C)OC
CCC(C)CCCC1CCCC1C,0.34285714285714286,CCC(C)CCCC(C)(C)O
CCCCCCCCC(C)CC1CC1,0.5,CCCCCCCCCC(C)CO
CC1CCC(C)(C(C)C)CC1,0.375,CC1CCC(C(C)C)CC1
CC(C)CC1CCCC(C)(C)C1,0.28205128205128205,CC1(C)CC2C3CCCC(C)(C3O)C2C1
CCC1CCC(CC2CC(CC)C(C)C(C)C2C)C(CC)C1,0.30303030303030304,CCC1CCC(O)CC1
CCCCCC(C)CCC1CCC(CC)CC1,0.4117647058823529,CCCCCCCC1CCC(O)CC1
CCCCCCCCC(C)CCC1CCCCC1,0.4857142857142857,CCC(=O)O.CCCCCC1CCCCC1
CCC1CC(CC(C)C)CC1C,0.23684210526315788,CC(C)CC1CCC(=O)O1
CCCC1CCC(CC)C(CCC)C1,0.3103448275862069,CCC1CCC(O)CC1
CCC(CCC1C(C)CCCC1(C)C)CC(C)C,0.5813953488372093,CCC(C=O)CCC1C(C)CCCC1(C)C
CCC(C)CCCCCCCC(C)C,0.48,CCC(C)CCCC(C)(C)O
CCCC(C)C1CC2CCC1C2,0.3225806451612903,OC1CC2CCC1C2
CCCCCCCCCC(C)CC1CCCCC1,0.45161290322580644,CCCCCCCCCC(C)CO
CC(C)CC1C2CC3CC(CC1C3C)C2C,0.24324324324324326,CC(C)CC1CCC(=O)O1
CCCC1CCCC1C,0.3870967741935484,CCCCCCCC1CCCC1O
CCC1CC2CC1C1CCCC21,0.4642857142857143,OC1CC2CC1C1CCCC21
CCCCC(C)CC(C)CC(C)(C)C,0.41379310344827586,CCCCC(C)C(C)(C)O
CCCC(C)CC1CC(C(C)C)CCC1C,0.3333333333333333,CC1CCC(C(C)C)CC1
CCC(C)C(C)C,0.4,CCC(C)O
CCCC1CC(C2CCC(C)C2)CCC1C,0.2777777777777778,C=C(C)C1CCC(C)CC1O
CCCCCCC1(C)CCC(C)C1,0.37142857142857144,CCCCCCCCCCCCC1(O)CCCCC1
CC1CCCC(C2CCCCC2)C1,0.5,C1CCC(C2CCCCC2)CC1
CCCCCCCCCCCCCCC1CCC(C)C1,0.5517241379310345,CCCCCCCC1CCC(O)CC1
CCCCCCCCCCC(C)CCC(C)C,0.5833333333333334,CCCCCCCCCC(C)CO
C1CCC(CC2CCCCC2)CC1,0.5294117647058824,OCC1CCCCC1
CC(C)CC(C)CCCC(C)(C)C,0.45161290322580644,COC(CC(C)CCCC(C)(C)O)OC
CCCCC(CC)C(C)CCC(C)CC,0.37037037037037035,CCC(C)CCO
CC(C)CC1CC2CC1C1CCCC21,0.41935483870967744,OC1CC2CC1C1CCCC21
CC(C)C1CCC(C)C2CCC(C)C2C1,0.44,CC1CCC(C(C)C)CC1
CCCCCCC(CC)CC1CCCCC1,0.40540540540540543,CCC(=O)O.CCCCCC1CCCCC1
CCC1CCCCC1CC(C)C(C)C,0.3225806451612903,CC(C)C1CCCCC1.CCO
CCCC(C)C1CCCCC1CCC1CCC(C)CC1C,0.30952380952380953,CC1CCC(C(C)C)C(O)C1
CCC(C)C(CC)CC,0.4,CCC(C)O
CCCCCC(C)C1CCCCC1C,0.3548387096774194,CCCCCC(C)O
CCCC(C)C(CC)CC1CCCC1C,0.2682926829268293,CCCCCCCC1CCCC1O
CCCC(C)CC1CCCCC1,0.36666666666666664,CC(C)C1CCCCC1.CCO
CCCC1CCC(CC)CC1,0.5238095238095238,CCC1CCC(O)CC1
CCCCCCCCC(C)C(C)CC(C(C)C)C(C)CC,0.4375,CCCCCCCCCC(C)C(OC)OC
CC1CC23CC(C1C)C(C)(C)C2CCC3C,0.47368421052631576,C=C1CCC23CC1C(C)(C)C2CCC3C
CCC1CCC2(CC1)CC(C)CCC2C,0.3225806451612903,CCC1CCC(O)CC1
CCCCCCCCCC(C)CCCC1CCCCC1,0.5294117647058824,CCC(=O)O.CCCCCC1CCCCC1
OOOOOOOOOOOO,0.21428571428571427,CCOO
CC1CCC2(C(C)C)CC12,0.40625,CC1C(=O)CC2(C(C)C)CC12
CC(C)CCC(C)CCC1CCCCC1,0.39285714285714285,OCCC1CCCCC1
CC1CC2CCCCC2CC1C,0.4375,C1CCC(C2CCCCC2)CC1
CC(CCC1CCCCC1)C(C)(C)C,0.4074074074074074,OCCC1CCCCC1
CC1CCC23CC1C(C)(C)C2CCC3C,0.5142857142857142,C[C@@H]1CC[C@H]2C(C)(C)[C@H]3C[C@@]12CC[C@@]3(C)O
CCCCCC1CCCC(CCCCC)C1,0.5517241379310345,CCC(=O)O.CCCCCC1CCCCC1
CC1CCC(CC(C)C2CCCCC2)CC1,0.4827586206896552,CC(CO)C1CCCCC1
CCCCC(C)C1CCCC2(CCCC2)C1,0.2972972972972973,CC(CO)C1CCCCC1
CCCC(C)CC(CC)C1CCCCC1,0.40625,CC(C)C1CCCCC1.CCO
CCC1CC2C(CC1C(C)C)C(C)(C)CCC2(C)C,0.3157894736842105,CC1CC2C(CC1=O)C(C)(C)CCC2(C)C
CC1C(C)(C)CCCC1(C)C,0.37037037037037035,CC1CCCC(C)(C)C1C=O
CCC1CC(CCC(C)CCCCCCC(C)C)CCC1C,0.3111111111111111,CC(C)CCCC1CCC(=O)CC1
c1ccccc1,1.0,c1ccccc1
CCCCCC(C)CC(C)(C)CC1CCCCC1,0.4,CCC(=O)O.CCCCCC1CCCCC1
CC1CCCC1CCCCC1CCCC1C,0.4482758620689655,CCCCCCCC1CCCC1O
CCCC(C)CCC1CCCCC1C(C)CC,0.3170731707317073,CCC(C)C1CCCCC1=O
C=C=C=C=C,0.1111111111111111,C=CCC#N
CC(C)CCCC(C)CCC1CC2CCC(C)CC2CC1C,0.3541666666666667,CC(C)CCCC1CC(C)CCC1=O
CCCCCCCC(C)CCC1CCC(C)C(CC)C1,0.358974358974359,CCCCCCCCCC(C)CO
CCC1CCC(CCC(C)C(C)C)CC1,0.4074074074074074,CCC1CCC(O)CC1
CC(C)C1CCC2C(C1)C(C)(C)C(C)C2(C)C,0.39285714285714285,CC1CCC(C(C)C)CC1
CCCCCCCCCCC(C)C1CCCCC1,0.4827586206896552,CC(CO)C1CCCCC1
CCCC(C)C1CCC(C(C)C)CC1,0.56,CC(C)C1CCC(C(C)CO)CC1
CCC(C)CC,0.5,CCC(C)CCO
CCCCCCC(C)CCCC1CCCCC1,0.5294117647058824,CCC(=O)O.CCCCCC1CCCCC1
CCCCCCCCCCC1CCCC1,0.6923076923076923,CCC(=O)O.CCCCCC1CCCCC1
CC(C)CC(C)(C)C1CCCC1,0.6538461538461539,CC(O)CC(C)(C)C1CCCCC1
CCC(C)CC1CCC2CCCC2C1,0.4,O=CCC1CCC2CCCCC2C1
CCCC(C)CCCC(C)CC(C)C,0.42857142857142855,COC(CC(C)CCCC(C)C)OC
CCCCC(C)CC1CC(C)CCC1C(C)C,0.40540540540540543,CC1CCC(C(C)C)C(O)C1
CCCC1CCC(CCCC(C)C)C(CC)C1,0.375,CC(C)CCCC1CCC(=O)CC1
CCCCCCCC1CCCC(C)C1,0.47058823529411764,CCC(=O)O.CCCCCC1CCCCC1
CCCC(C)CC1C(C)CCCC1C,0.275,CC(C)=CCCC(C)CC1OCCO1
CC(C)C1CCCC(C)(C)C1,0.3793103448275862,CC(C)C1CCCCC1.CCO
CCCC(C)C1C(CC)C(C)CCC1(C)C,0.28,CCC(C=O)CCC1C(C)CCCC1(C)C
CC1CCC2C(CCCC2(C)C)C1,0.38235294117647056,CC1CCCC(C)(C)C1CO
CCCC(C)C1CCC(C(C)CCC)CC1,0.44,CC(C)C1CCC(C(C)CO)CC1
CCCC(C)CC1CC(C)CCC1C(C)C,0.42857142857142855,CC1CCC(C(C)C)C(O)C1
NNNNN(N)NNn1[nH][nH][nH][nH]1,0.05555555555555555,CCC(=O)OC
CC(C)C(C)CC(C)(C)CC1CCCCC1,0.37142857142857144,CC(O)CC(C)(C)C1CCCCC1
CCC(C)CC(C)(CC)CCCC(C)CCCC(C)C,0.4594594594594595,C=CC(C)(O)CCCC(C)CCCC(C)CCCC(C)C
CCC1C(C)C(C)C2C3CCC(C3)C12,0.2413793103448276,CCC1CCC(CC)O1
CCCCCCCCCCCCCCCCC(C)C,0.6,CCCCCCCC(C)O
CCCCCCC(CC)CC,0.5454545454545454,CCCCC(CC)CO
CC(C)CCCC(C)C,0.6666666666666666,CC(C)CCCC(C)O
CCCC1CCC(CC)CC1CC,0.35714285714285715,CCC1CCC(O)CC1
CCCCC(CCC(C)C)CCC(C)C,0.4583333333333333,CCCCC(CC)CO
CCCCCCC(CCC)CCC,0.5238095238095238,CCCCCCCCCC(O)O
CCCC1CC(C)C(C(C)CCC)C1,0.24390243902439024,CCCC1CC(=O)C=C(C)C1
CCCCC(CCC)CC(C)CCC,0.4074074074074074,CCCCC(CC)CO
CC(C)C1C(C)C(C(C)C)C(C(C)(C)C)C(C(C)C)C1C,0.2222222222222222,CC1CCC(C(C)C)CC1
CCCC1CCCC(C)(CC(C)C)C1,0.26,CCC(C=O)CCC1C(C)CCCC1(C)C
CC(C)CCCCCCCCCCCCCCC(C)CCC(C)C,0.48,CC(C)CCCC(C)CCCC(C)C=O
CCC(C)C,0.5,CCC(C)O
CCCCCC1CCCC1,0.72,CCC(=O)O.CCCCCC1CCCCC1
CCC(C)CCC1CCCCC1C(C)(C)C,0.35294117647058826,CC(C)(C)C1CCCCC1O
CCC(C)C1CC1C1CCCCC1,0.37142857142857144,CCC(C)C1CCCCC1=O
CCCCCC(CC(C)C)CC(C)CC,0.4,CCCCCCCCCC(C)CO
CCC(C)CCCC(C)(C)CC(C)C,0.5925925925925926,CCC(C)CCCC(C)(C)O
CC1CCCCCCCCCCCCCC1,0.5238095238095238,CC1CCCCCCCCCCC(=O)CC1
CCCCCCCCCCCCC(C)CCC,0.6363636363636364,CCCCCCCCCC(C)CO
CC(C)CCC(C)C1CCCCC1C,0.32432432432432434,CC(C)CCC1C(=O)CCC1C
CCC(CC(C)C)C1CCCC1,0.42857142857142855,CC(C)C1CCCCC1.CCO
CC(C)CCC1CCC(C)(C)C23CC4CC2C13C4(C)C,0.26666666666666666,CC1(C)[C@@H]2CC[C@]1(C)[C@H](O)C2
CCCC(C)CCC1CCC(C)CC1,0.3448275862068966,CC1CCC(C(C)C)CC1
CC(C)CC(C)CC1CC(C)CC1C,0.24390243902439024,CC(C)=CCCC(C)CC1OCCO1
CCCCC(C)CCCC(C)C,0.52,CC(C)CCCC(C)CCCC(C)C=O
CCCCCC(C)CCCCC,0.65,CCCCCCCCCC(C)CO
CCCCCCCC(C)CCCC(C)CCCC(C)C,0.5833333333333334,CCCCCCCCCC(C)CO
CCCC1CCC(CC(C)CC2CCCCC2)C(CC)C1,0.2926829268292683,CC(=O)O.CCC1CCCCC1
CC1CCC2C(C)(C)C3CC12CC1CC(C)(C)CC13C,0.48717948717948717,CC1CCC2C(C)(C)C3CC12CC1OC13C
CC(C)CCC1C(C)CC(C)CC1C,0.38235294117647056,CC(C)CCC1C(=O)CCC1C
CCCC(C)CCC(C)C1CC(C)CCC1C(C)C,0.4166666666666667,CC1CCC(C(C)C)C(O)C1
CC(C)CC(C)(C)CCC1CCCCC1,0.38235294117647056,CC(O)CC(C)(C)C1CCCCC1
NNNN(N)N(N)N,0.0625,COC(=O)c1ccc(Cl)cc1
CCCCCCCC(CC)CC1CCCCC1,0.40540540540540543,CCC(=O)O.CCCCCC1CCCCC1
CCCCC1CCC2(CCCC2)C1,0.35135135135135137,CCC(=O)O.CCCCCC1CCCCC1
CCCCCC1CCCC1C,0.5862068965517241,CCCCCCCC1CCCC1O
CC1CC(C)CC(C2CCCCC2)C1,0.5294117647058824,C1CCC(C2CCCCC2)CC1
CC(C)CCCCC(C)CC(C)C,0.5416666666666666,COC(CC(C)CCCC(C)C)OC
CC1CC2CCC1(C)C2(C)C,0.6,CC1(C)[C@@H]2CC[C@]1(C)[C@H](O)C2
CCC1(C)CCCCC1C,0.375,CC1CCCCCC(=O)C1(C)C
CCCC(CCC)C1CCCC1,0.4230769230769231,CC(C)C1CCCCC1.CCO
NN(N)n1[nH][nH][nH][nH]1,0.06666666666666667,CCc1c(C)c[nH]c1C
CCCC(C)CCCC(C)CCCC(C)CCCC(C)C,0.52,CC(C)CCCC(C)CCCC(C)C=O
CC(C)CCCCCCC(C)C,0.5294117647058824,CC(C)CCCC(C)O
CCCCCCCCCC(CC)CC,0.5454545454545454,CCCCC(CC)CO
CCC1CCC2CCCC(C)(C)C2C1,0.35135135135135137,CC1CCCC(C)(C)C1CO
CCC(C)C1CC2CC1(C)C(C)C2C(C)C,0.22727272727272727,CCC(C)C1CCCCC1=O
CCCC1CC(CC)CC1CC,0.2962962962962963,CCC1CCC(O)CC1
CCCC(C)(C)C1CCC(C)CC1,0.46153846153846156,CC1CCC(C(C)(C)O)CC1
CC(C)CC(C)(C)C1CCC(C)CC1C,0.3055555555555556,CC1CCC(C(C)C)C(O)C1
CCC(C)CC(C)C(C)CC,0.36363636363636365,CCC(C)CCO
CCCCCCC1CC(C)CC1C,0.42424242424242425,CCCCCCCC1CCCC1O
CCCCCCCCC(C)C,0.6,CCCCCCCC(C)O
CC(C)CC1C(C)CC(C)C1C,0.2571428571428571,CC(C)CC1CCC(=O)O1
CCCCC(C(C)CCC)C1CCCCC1,0.40625,CC(C)C1CCCCC1.CCO
CC1CCCCC1C1CCCCC1,0.4782608695652174,OC1CCCCC1C1CCCCC1
CC(C)(C)C1CCCCC1,0.5,CC(C)(C)C1CCC(O)CC1
CCCCC1CC(CC)C(C)C(CC)C1,0.3333333333333333,CCCCCCCC1CCC(O)CC1
CCCC1C(C)CCC2(C)C(C)CCCC12C,0.3695652173913043,CCC(C=O)CCC1C(C)CCCC1(C)C
CCC(C)CCC1C(C)CCCC1(C)C,0.6410256410256411,CCC(C=O)CCC1C(C)CCCC1(C)C
CCCC(CC)CC(C)C,0.34615384615384615,CCCCC(CC)CO
CCCC(C)C(CC)CC(C(C)C)C(C)CC(C)C,0.24324324324324326,CCCCCCCCCC(C)C(OC)OC
OO,0.3333333333333333,N.N.O=C(O)O
CCCC1CC2CCCC2C(CC)C1CC,0.27906976744186046,COC(=O)CC1CCCC2CCCCC21
CCCCC(CC)CC(C)CCC,0.5,CCCCC(CC)CO
CC1CC(C)C2CC1C2(C)C,0.3333333333333333,CC1C(O)CC2CC1C2(C)C
CCCCCCCCCC(C)CCCC(C)C,0.5833333333333334,CCCCCCCCCC(C)CO
CCCCCCCCCC(C)CC1CCCCC1C,0.4117647058823529,CCCCCCCCCC(C)CO
CC(C)C(C)CCC1CCC2CCCC2C1,0.3888888888888889,O=CCC1CCC2CCCCC2C1
CCC(C)C(C)C(C)C(C)CC,0.4,CCC(C)O
CC(C)CCCC(C)C1CCC(C)CC1,0.4838709677419355,CC1CCC(C(C)CC=O)CC1
NNNNNNNN(N)NNNNN,0.06060606060606061,O=S(=O)([O-])NC1CCCCC1.[Na+]
CC(C)C1CCC(C)(C)CC1C,0.3684210526315789,CC1CCC2C(C1)C(C(C)C)CCC2(C)O
CCCCCC(C)CC1CC(C)CCC1C(C)C,0.39473684210526316,CC1CCC(C(C)C)C(O)C1
CC(CCCCC1CCCCC1)C1CCCCC1C,0.38461538461538464,CCC(=O)O.CCCCCC1CCCCC1
CCC(C)C(C)CCCC(C)C,0.45454545454545453,CC(C)CCCC(C)O
CC1CCCC(CCC2CCCC2)C1,0.38461538461538464,OCCC1CCCCC1
CCCCCCCC(C)CC(C)CCC,0.5833333333333334,CCCCCCCCCC(C)CO
OOOOOOOOOOOOOOO,0.21428571428571427,CCOO
CCCC(C)CCC1CCCCC1C,0.2857142857142857,CC(C)C1CCCCC1.CCO
CC1(C)C2CCC3(C2)C1C1CCCCC1CC3(C)C,0.3076923076923077,CC1(C)[C@H]2CC[C@](C)(C2)[C@H]1O
CCC(C)CC1CCC(C(C)C)CC1,0.5517241379310345,CC(C)C1CCC(CC(C)C(C)O)CC1
CC(C)CC1(C)CCC23CC1C(C)(C)C2CCC3C,0.5675675675675675,C[C@@H]1CC[C@H]2C(C)(C)[C@H]3C[C@@]12CC[C@@]3(C)O
CC(C)CC(C)C(C)C,0.4117647058823529,CC(C)CC(C)O
CC1CC(C)C(C)C1C,0.26666666666666666,C1=CC2C=CC1C2
CC(C)CC1CC(C)C(C)C1,0.28125,CC(C)CC1CCC(=O)O1
CCCCCCCCCCCCC,1.0,CCCCCCC
CCC1CCCCC1,0.7,CC(=O)O.CCC1CCCCC1
CCCCC1CCCCC1CC,0.4666666666666667,CCCCCCCC1CCCC1O
CC(C)CCCC(C)CC(C)CCCC(C)C,0.6363636363636364,COC(CC(C)CCCC(C)C)OC
CCCCC(C)C(CC)CC,0.43478260869565216,CCCCC(O)CC
CCCCC1CC(C)CC1C,0.358974358974359,CCCCC1COCC(C)C1OC(C)=O
CCC(C)C(C)C(C)CC,0.4,CCC(C)O
CCCC(CCC)CCC,0.4666666666666667,CCCC(O)CCC
CCCC(C)CC1C(C)CCCC1CC,0.2619047619047619,CCCCCCCC1CCCC1O
CC1CCC(C(C)C)C1,0.6842105263157895,CC1CCC(C(C)C)CC1
CCC(C)C1CCCC1C,0.35294117647058826,CCC(C)C1CCCCC1=O
[BiH2][BiH][BiH][Bi]([BiH2])[Bi]([BiH2])[BiH][BiH][BiH2],0.07692307692307693,Cc1ccnc(C)c1
CC(C)CCCC(C)C1CCCCC1,0.5185185185185185,CC(CO)C1CCCCC1
CCCCC1CCC(C)CC1C,0.34285714285714286,CCCCCCCC1CCCC1O
CC1CCCC1CCCC1CCCC1,0.41379310344827586,OCCCC1CCCCC1
CC(CC1CC2CC1C1CCCC21)C(C)(C)C,0.37142857142857144,OC1CC2CC1C1CCCC21
CC1CCCCC1CC(C)C1C(C)C(C)C(C)C(C)C1C,0.29411764705882354,CC(CO)C1CCCCC1
CC1C2CCC3C2C(C)(C)CCCC13C,0.3333333333333333,CC1(C)CC2C3CCCC(C)(C3O)C2C1
CCC1CC(C)CC1C,0.26666666666666666,C=C(C)C1CCC(C)CC1O
CC(C)CC(C)(C)CC1CCCCC1,0.3939393939393939,CC(O)CC(C)(C)C1CCCCC1
CCCC(C)C1CCC(C)C(CC)C1,0.28205128205128205,CC1CCC(C(C)CC=O)CC1
CCCC1CC(C)CCC1C,0.3125,C=C(C)C1CCC(C)CC1O
CC1CCC(C(C)C(C)(C)C)C(C)C1,0.41935483870967744,CC1CCC(C(C)C)C(O)C1
CCCCCCCC(C)CCCCCCC,0.7,CCCCCCCCCC(C)CO
CC(C)CCCC1CCCCC1,0.5862068965517241,CC(C)CCCC1CCC(=O)CC1
CC1CC(C)CC(C)C1,0.2777777777777778,CC1CCC(C(C)C)CC1
CCCC(C)C1CC(C)CCC1C(C)C,0.46875,CC1CCC(C(C)C)C(O)C1
CCCC(C)C1C(C)(C)CC(C)CC1(C)C,0.25,CCCCCC(C)O
CCCCCCCC(C)CCC(C)CCCCCCC,0.6666666666666666,CCCCCCCCCC(C)CO
CCCC(C)CC(CC)CCC(C)C,0.37037037037037035,CCC(O)CCC(C)C
CC(C)C(C)CC1C(C)CCCC1(C)C,0.5625,CC1CCCC(C)(C)C1CO
CCCC(C)C1CCCC1,0.52,CC(CO)C1CCCCC1
CCCCCC(CCCCC)CCCCC,0.5263157894736842,CCCCCC(C)O
CCC1CCC2C3CCC(C3)C12,0.2903225806451613,O=CC1CC2C3CCC(C3)C2C1
CC(CCC(CCC(C)C1CCCCC1)CC(C)C1CCCCC1)C1CCCCC1,0.5,CC(CO)C1CCCCC1
CCCC1CC(CC)C2CCCC2C1CC,0.28205128205128205,CCCCCCCC1CCCC1O
CCC(C)CC1(C)CCCCC1(C)C,0.3103448275862069,CC1(C)CCCCC1(C)O
CCC1CCCCC1CC(C)C,0.3448275862068966,CC(C)C1CCCCC1.CCO
CC1C(C2CC3CCCCC3C2)CC(C(C)(C)C2CCCCC2)CC1C(C)(C)C1CCCCC1,0.2558139534883721,CC(O)CC(C)(C)C1CCCCC1
CCCCCCCCCC(C)C1CCCCC1,0.4827586206896552,CC(CO)C1CCCCC1
CC1CC1,0.4666666666666667,CC1CCC(C(C)C)CC1
CCCCCC(C)CCC1CCCC1,0.47058823529411764,CCC(=O)O.CCCCCC1CCCCC1
CCCCC(C)CC1CCCCC1,0.4,CCC(=O)O.CCCCCC1CCCCC1
CCC1CCCCCCCCCCC1,0.7,CC(=O)O.CCC1CCCCC1
CCCC1CC(C)CC(C)C1,0.3125,CCCC1CC(=O)C=C(C)C1
CCCC1CCC(C(CCC)CCC)CC1CC,0.2564102564102564,CCC(CO)C1CCC(C)CC1
CC(CCC1CCCCC1)CC1CCCCC1,0.4074074074074074,OCCC1CCCCC1
CC(C)CC1CCCC1C,0.29411764705882354,CC(C)CC1CCC(=O)O1
CCC1(C)CCC(CCCC(C)C)CC1,0.4857142857142857,CC(C)CCCC1CCC(=O)CC1
CCCCCCCC(C)CCC(C)CC(C)CCCCCCC,0.5833333333333334,CCCCCCCCCC(C)CO
CCCCCCC1CCCC(C)C1,0.47058823529411764,CCC(=O)O.CCCCCC1CCCCC1
CC1CCC2CCCCC2C1,0.4782608695652174,OC1CCC2CCCCC2C1
CCCC1CC(CC)C(CC)C(CC)C1,0.2857142857142857,CCCC1CC(=O)C=C(C)C1
CCCCCC(CC)CC1CCCCC1,0.4166666666666667,CCC(=O)O.CCCCCC1CCCCC1
CCCCCC(C)CCCC1CCCC1C,0.43243243243243246,CCCCCCCC1CCCC1O
CCCCCC(CC)CC(C)C(C)C,0.42857142857142855,CCCCC(CC)CO
CCC(C)(C)CCCC(C)CCCC(C)CCCC(C)C,0.5357142857142857,CCC(C)(O)CCCC(C)C
CCC(C)CCCCC1CCCC1,0.4411764705882353,CCC(=O)O.CCCCCC1CCCCC1
CCCC(C)C1(CC)CC1(C)C1CCCCC1,0.2894736842105263,CC(C)C1CCCCC1.CCO
CC(C)C1CCC2(C)CC2C1C,0.38461538461538464,CC1CCC2C(C1)C(C(C)C)CCC2(C)O
CCCCCC1CCCCC1C,0.5333333333333333,CCCCCCCC1CCCC1O
CC1CCC2CCC(C)C2C1,0.3448275862068966,CC1CCC(C(C)C)C(O)C1
CCCCCCCCCCC(C)CC,0.6363636363636364,CCCCCCCCCC(C)CO
CCC(CC)C(C)C1CCCCC1,0.52,CC(C)C1CCCCC1.CCO
CC(C)CCC1CCC2CCCC2C1,0.4117647058823529,O=CCC1CCC2CCCCC2C1
CC(C)CC1(C)CCCCC1,0.30434782608695654,CC1(O)CCCC1
CCC(CC)CCC1CCCCC1,0.4230769230769231,OCCC1CCCCC1
CC(C)CCC1CCC2C3CCC(C3)C12,0.2926829268292683,CC(C)CCC1CCC(=O)O1
CCCCCC1CCC2CCCCC2C1,0.47058823529411764,CCC(=O)O.CCCCCC1CCCCC1
CC1CCCC(C)CC2C(CC1)C2(C)C,0.3333333333333333,CC1CCC2C(C1)C(C(C)C)CCC2(C)O
CCCCCCCCCCC(C)CCCC(C)C,0.5833333333333334,CCCCCCCCCC(C)CO
CC(CC1CCCCC1)CC1CCCCC1,0.4090909090909091,OCC1CCCCC1
CC(C)CCCC(C)CCCC(C)CCC1CCCCC1,0.42857142857142855,CC(C)CCCC1CCC(=O)CC1
CCCC1CCC(C)CC1C,0.3548387096774194,C=C(C)C1CCC(C)CC1O
CCC1CCC(CCC(C)CC2CCCCC2)CC1,0.42424242424242425,CC(=O)O.CCC1CCCCC1
CCCCCCCC(C)C(C)CC,0.56,CCCCCCCCCC(C)C(OC)OC
CCCCC1CC2C(CC1C)C2(C)C,0.32558139534883723,CCCCC1COCC(C)C1OC(C)=O
CCCCCCCC(C)CC1CCC(C)CC1,0.4375,CCCCCCCCCC(C)CO
CCCCC1C(C)CC(C)CC1(C)C,0.32432432432432434,CCCCCC1OCC(C)(C)CO1
CCCCCCCCCCCCCC(C)CCCCC1CCCCC1,0.5757575757575758,CCC(=O)O.CCCCCC1CCCCC1
CCC(C)C1CCCCC1CCC1CCCCC1,0.34375,OCCC1CCCCC1
CC(C)C1CC(CC2C(CC3CCC4(C)C(CCC5(C)C4C(C)CC4C6CC(C)(C(C)C)CCC6(C)CCC45C)C3(C)C)CC(C(C)C)C(C)C2C)C(C)C(C)C1C,0.19230769230769232,CC1CCC2C(C1)C(C(C)C)CCC2(C)O
CC(C)(C)C1CC(C2CCCCC2)C2CCC(C)(C)C2C1,0.2682926829268293,CC(C)(C)C1CCC2(CC1)OCCO2
CCC(C)CC1C(C)CCC1C,0.34615384615384615,CCC(C)CCO
CCCC(C)CCC,0.4375,CCCC(O)CCC
CCCCCCCC(C)CC1CCCCC1,0.45161290322580644,CCCCCCCCCC(C)CO
CCC(C)C1CCCCC1CC,0.38235294117647056,CCC(C)C1CCCCC1=O
CC(C)C1C(C)C(C)C(C)C(C(C)C)C1C(C)(C)C,0.2222222222222222,CC1CCC(C(C)C)CC1
CCC1CCC(C(C)CCCC(C)C)CC1,0.36666666666666664,CCC1CCC(O)CC1
CCCCCCCC(CCCCC)CCCCC,0.5789473684210527,CCCCCCCCCC(O)O
CCCCCCCCCCC(C(C)C)C(C)CCC,0.52,CCCCCCCC(C)O
CC(C)CC1(C)CCC(C(C)C)C1C,0.375,CC1CCC2C(C1)C(C(C)C)CCC2(C)O
CCC(C)CC(C)C1C(C)CCCC1(C)C,0.4222222222222222,CCC(C=O)CCC1C(C)CCCC1(C)C
CCC1CC(C(C)C(C)C)CCC1C,0.2903225806451613,CC1CCC(C(C)C)CC1
NNNNNNN(N)NNN,0.05714285714285714,O=S(=O)([O-])NC1CCCCC1.[Na+]
CCCCCC(C)CCC(C)CC(C)CCCCC,0.5416666666666666,CCCCCCCCCC(C)CO
CCCC1CCC2CC1C2(C)C,0.3235294117647059,CC1C(O)CC2CC1C2(C)C
CCCCCCCCCCCCCCC(C)CC,0.6363636363636364,CCCCCCCCCC(C)CO
CCC(C)CCC1CCC(CC)CC1,0.4074074074074074,CCC1CCC(O)CC1
CCCCCCCCCCCCCCCC(C)CCCCC,0.7,CCCCCCCCCC(C)CO
CCC(C)C1CC(C)C(CC)C1,0.3157894736842105,CCC(C)C1CCC(OC(C)=O)CC1
CCCC(C)C1(C2CCCCC2)CC1(C)CC,0.2894736842105263,CC(C)C1CCCCC1.CCO
CCC1CCC(C)C1,0.43478260869565216,CCC1CCC(O)CC1
CCC(C)CCC(C)CC(C)CC,0.5,CCC(C)CCO
CC(C)CC(C)CC(C)C,0.4666666666666667,CC(C)CC(C)O
CC1CCC(C(C)(C)C)CC1,0.6,CC1CCC(C(C)(C)O)CC1
CCC(CC)CC(C)CCCC(C)C,0.5185185185185185,COC(CC(C)CCCC(C)C)OC
S=S=S1=S=S=S=S=S=1=S(=S)=S,0.07692307692307693,C1CCNC1
CC(CCC1CCCCC1)C1CCCC1,0.5185185185185185,CC(CO)C1CCCCC1
CC(C)CCCC(C)CC(C)C,0.6086956521739131,COC(CC(C)CCCC(C)C)OC
CCCCC(CC)C(C)CCCC1CCCCC1,0.4473684210526316,CCC(=O)O.CCCCCC1CCCCC1
CCCCCC(C)C(C)CC,0.52,CCCCCCCCCC(C)C(OC)OC
CCC1CCC(C)C1C,0.2916666666666667,CCC1CCC(CC)O1
CCCC1CCC(C)C(CC)C1,0.3,CCC1CCC(O)CC1
CCCC1CCCCCCCCCCC1,0.5238095238095238,OCCC1CCCCC1
CCCC1CCC(CCC)C(CC)C1,0.3103448275862069,CCC1CCC(O)CC1
CCC1CCCC(C)(C)C1,0.36666666666666664,CC(=O)O.CCC1CCCCC1
CCC(C)CC1CCC2C3CCC(C3)C12,0.25,O=CC1CC2C3CCC(C3)C2C1
CCC(C)C(C)CC1CCCCC1,0.3793103448275862,CC(C)C1CCCCC1.CCO
CC(C)CC1CCCC(C)C1,0.3125,CC1CCC(C(C)C)C(O)C1
CC(C)CCCCCCCCC(C)C,0.5294117647058824,CC(C)CCCC(C)O
CC(C)C1CCCC(C(C)C)C1,0.4782608695652174,CC(C)C1CCCCC1.CCO
CCCC(C)(C)C1C2CCC(C2)C1(C)C,0.3684210526315789,CC(O)C1C2CCC(C2)C1(C)C
CC1CC2C(CCC(C)C3CCC(C)C32)C1C,0.23076923076923078,C[C@H]1CC[C@H]2[C@@H]1C1C(CC[C@@]2(C)O)C1(C)C
CCCCCC(C)CCCC1CCCCC1,0.5454545454545454,CCC(=O)O.CCCCCC1CCCCC1
CCC1CC(C)C(C)C1,0.36363636363636365,CCC1CCC(O)CC1
CC(C)C(C)CCCCC1CCCCC1,0.4482758620689655,OCCCC1CCCCC1
CC(C)CCCC1CCCC(CCC(C)C)C1,0.48484848484848486,CC(C)CCCC1CCC(=O)CC1
CC1CCCCC1,0.5238095238095238,CC1CCCCCCCCCCC(=O)CC1
CCC1CCC(C(C)C)CC1CC,0.38461538461538464,CC1CCC(C(C)C)CC1
C1CCC(CCCC2CCCC2)C1,0.631578947368421,OCCCC1CCCCC1
CC1CCC2C(C)CCC(C(C)C)C2C1,0.5,CC1CCC(C(C)C)C(O)C1
CCCC(C)C1CCCC(C)(C)C1,0.3142857142857143,CC(CO)C1CCCCC1
CCCCC(C)C1CCCC1,0.48148148148148145,CC(CO)C1CCCCC1
CCC1CC(CC)C(C)C(CC)C1,0.32,CCC1CCC(O)CC1
CC(C)CC1(C(C)C)CCCCC1,0.24242424242424243,CCCCCCCCCCCCC1(O)CCCCC1
CCC(C)C(C)CCC(C)C,0.47619047619047616,CCC(O)CCC(C)C
CC1CC(C)(C)C(C)C1C,0.25806451612903225,CC1CCCC(C)(C)C1C=O
CCCCCCC1CCC(C)C1,0.5517241379310345,CCCCCCCC1CCC(O)CC1
CCCCC1CCCCCCCCCCC1,0.6538461538461539,CCC(=O)O.CCCCCC1CCCCC1
CCCCCCC1CCCC1,0.6923076923076923,CCC(=O)O.CCCCCC1CCCCC1
CC(C)C1C(C)CC(C(C)(C)C)CC1C,0.41379310344827586,CC1CC(C(C)(C)C)CCC1O
CCCCCCCC(C)C1CCCC1,0.4482758620689655,CC(CO)C1CCCCC1
CC(C)CCC(C)C1CCCCC1,0.56,CC(CO)C1CCCCC1
CCCCCC,0.875,CCCCCCC
CCC1CCC(C(C)(C)C)CC1,0.4782608695652174,CC(C)(C)C1CCC(O)CC1
CCC1C(C)CCCC1(C)C,0.6666666666666666,CC1CCCC(C)(C)C1CO
CC(C)CCC1CCC(C(C)CCC2CCCCC2)C(C)C1,0.3181818181818182,CC(C)CCC1C(=O)CCC1C
OOOOOOOOOOOOOOOOOO,0.21428571428571427,CCOO
CCC(C)CCCC(C)(C)CC,0.64,CCC(C)CCCC(C)(C)O
CC(C)C(C)CCC1CCC2CC1C2(C)C,0.325,CC(O)C1C2CCC(C2)C1(C)C
CCC1CCC(CCC2CCCCC2C(C)CC)CC1,0.32432432432432434,CC(=O)O.CCC1CCCCC1
CCCCCCCC(C)CC1CC(C)CCC1C(C)C,0.38461538461538464,CC1CCC(C(C)C)C(O)C1
CCCC(C)CCC(C)CCC,0.4117647058823529,CCCC(O)CCC
CCCC(C)C(C)(C)C(C)CCC,0.4166666666666667,CCCCC(C)C(C)(C)O
CC(C)C(C)C(C)CCC1CCCCC1,0.39285714285714285,OCCC1CCCCC1
CC(C)C12CCC(C)(C)C1C2,0.34375,C=C1CCC2(C(C)C)CC12
CC(C)CC(C)CCC1CCCC1,0.35714285714285715,OCCC1CCCCC1
CC(C)C(C)(C)C,0.2727272727272727,CC(C)O
CCC1CCC(CC(C)C2CC(C)CCC2C(C)C)CC1,0.4166666666666667,CC1CCC(C(C)C)C(O)C1
CCC1CCC(C)CC1C,0.3793103448275862,C=C(C)C1CCC(C)CC1O
CCC(C)CCCC(C)CCC(C)CCCCCCCCCCCCCCC(C)C,0.4642857142857143,CC(C)CCCC(C)CCCC(C)C=O
CC(C)C1CCC(C)(C)C(C(C)C)C1,0.37142857142857144,CCC(=O)C1(C)CCC(C(C)C)CC1
CC(C)C1C(C)CC(C)C1C,0.28,CC1CCC(C(C)C)CC1
CCCCCCCCCC(C)CCCCCCCC,0.7,CCCCCCCCCC(C)CO
CCCC(C)CCCC(C)CCCC(C)C,0.52,CC(C)CCCC(C)CCCC(C)C=O
CCCC1(C)C(C)(C)CCCCC1(C)C,0.375,CC1(C)CCCCC1(C)O
CC(C)CC1CC(C)CC1C,0.2571428571428571,CC(C)CC1CCC(=O)O1
CCCCCCCCCC(C)C(C)(C)C,0.52,CCCCC(C)C(C)(C)O
CC(C)CCCC(C)CCC(C)CCCC(C)C,0.5909090909090909,CC(C)CCCC(C)CCCC(C)C=O
CCCC(C)CCC1CCC(CC)CC1,0.39285714285714285,CCC1CCC(O)CC1
CC1CCCCC1C(C)CC1CCCCC1,0.34375,CC(CO)C1CCCCC1
CC(C)CCC1CCC23CC1C(C)(C)C2CCC3C,0.41304347826086957,C=C1CCC23CC1C(C)(C)C2CCC3C
CCCCCCC(C)CC1CCCCC1,0.45161290322580644,CCCCCCCCCC(C)CO
CCCCC(CC)CCC(C)C,0.5416666666666666,CCCCC(CC)CO
CC1CCC(C2CC3CC2C(C)C3(C)C)CC1,0.7241379310344828,CC1C2CC(CC2C2CCC(O)CC2)C1(C)C
CC(C)C,0.42857142857142855,CC(C)O
CC(C)CC(C)C,0.5384615384615384,CC(C)CC(C)O
C1CCC2CCCCC2C1,0.8888888888888888,C1CCC(C2CCCCC2)CC1
CCC(C)C1CCCCC1CCC1CCC(CCCC(C)(C)C)CC1,0.2978723404255319,CC(C)(O)CCCC1CCC(C=O)CC1
SSSSSSSSSS,0.15384615384615385,CSSSC
CCCCCC1CCCCCCCCCCC1,0.76,CCC(=O)O.CCCCCC1CCCCC1
CCCCCCCCC(C)CCCC(C)CCCC(C)C,0.5833333333333334,CCCCCCCCCC(C)CO
CCC(C)C1CCCCC1CCCC(C)CCCC(C)C,0.36363636363636365,CC(C)CCCC1CCCCC1=O
CCC(C)CC1CCC(C(C)(C)C)CC1,0.3793103448275862,CC(C)(C)C1CCC(O)CC1
CC1CC(CC2CCCCC2)CC(C)(C)C1,0.3333333333333333,CC(=O)OC1CC(C)CC(C)(C)C1
CC(C)CCCC(C)CC1CC(C)CCC1C(C)C,0.40540540540540543,CC1CCC(C(C)C)C(O)C1
C=C=C=C=C=C=C=C=C=C,0.10526315789473684,C=CCC#N
CC(C1CCCCC1)C(C)C1CCCCC1,0.5238095238095238,CC(CO)C1CCCCC1
CCCCCCCCC1CCCC1,0.6923076923076923,CCC(=O)O.CCCCCC1CCCCC1
CCCC12CCCC(C)(CCC3C1CC3(C)C)C2,0.4666666666666667,CC(=O)OC12CCCC(C)(CCC3C1CC3(C)C)C2
CCCC(C)CCCC(C)CC,0.52,CCC(C)CCCC(C)C=O
CCCCCCCCCCC(C)CCCCCCCC,0.7,CCCCCCCCCC(C)CO
CCCCCCCCCC(C)C(C)CC,0.56,CCCCCCCCCC(C)C(OC)OC
CCCC(CC)CCC(C)C,0.43478260869565216,CCC(O)CCC(C)C
CCCC(CC)C(C)CC,0.3333333333333333,CCCC(O)CCC
CCCCCCCCCCC(C)C(C)C,0.5833333333333334,CCCCCCCCCC(C)C(OC)OC
CCCCCCCC(C)CCC(C)C,0.5833333333333334,CCCCCCCCCC(C)CO
CC1CCCC2CCCCC12,0.4166666666666667,OC1CCCCC1C1CCCCC1
CC(CCCC1CCCCC1)C(C)(C)C,0.4482758620689655,OCCCC1CCCCC1
CCC,0.5,CCCC
CC1CCC2(CCC(C(C)(C)C)CC2)C1,0.43333333333333335,CC(C)(C)C1CCC2(CC1)OCCO2
CC(C)C(C)CC1CCCCC1,0.4,CC(C)C1CCC(CC(C)C(C)O)CC1
CCCC(C)C(CC1CCCCC1)C(C)C,0.3235294117647059,CC(C)C1CCCCC1.CCO
CC(C)CCCC1(C)C2CCC(C2)C1C,0.35,CC(O)C1C2CCC(C2)C1(C)C
CC1CC2C3CCC(C3)C2CC1C,0.43478260869565216,O=CC1CC2C3CCC(C3)C2C1
CCC(C1CCCCC1)C1CCCCC1,0.5,CC(C)C1CCCCC1.CCO
CC(C)CCCCC(C)CCC(C)C,0.5,CC(C)CCCC(C)CCCC(C)C=O
CCCC(C)(C)C,0.3333333333333333,CCCC
CC1CC(C)C2CCCC2C1,0.3,OC1CC2CC1C1CCCC21
CC(C)C1CCCC(C)C(C)C1,0.4,CC1CCC(C(C)C)CC1
CCCCCCCCCCCCCCCCCC(C)CC,0.6363636363636364,CCCCCCCCCC(C)CO
CCC(CC)C(C)C,0.4,CCC(C)O
CC(C)C1CC2C(CC1C)C(C)(C)C(C)C2(C)C,0.325,CC1CCC2C(C1)C(C(C)C)CCC2(C)O
CCCC(C)C(C)CC,0.3684210526315789,CCCC(O)CCC
CC(C)CCCC(C)CCCC1CCCC1,0.53125,CC(C)CCCC1CCC(=O)CC1
CC1CC(C2CCC3CCCC3C2)CC1C,0.4,OC1CCC2CCCCC2C1
CCC(C)CC1CCC(CC(C)C)CC1,0.34375,CC(C)C1CCC(CC(C)C(C)O)CC1
CCCC(CCC)C1CCCCC1,0.46153846153846156,CC(C)C1CCCCC1.CCO
CC(C)C1CCC(C(C)C)C1,0.5555555555555556,CC1CCC(C(C)C)CC1
CC12CCC(CC1)C(C)(C)C2,0.34615384615384615,CC12CCC(CC1)C(C)(C)O2
CCCCCC(C)C(C)C,0.5416666666666666,CCCCCCCCCC(C)C(OC)OC
CCCCCCCCCC(C)C1CCCCC1C,0.375,CCCCCCCC(C)O
CCCCCCC(C)C(C)CC,0.56,CCCCCCCCCC(C)C(OC)OC
CCCCC1CCCCC1C,0.45161290322580644,CCCCCCCC1CCCC1O
CC(C)CC(C)C(CC1CCCC1C)C(C)C,0.22727272727272727,CC(C)CCC1C(=O)CCC1C
CC(C)CC(C)CC(C)C(C)C,0.35,CC(C)CC(C)O
CCCCCCC(C)C,0.6,CCCCCCCC(C)O
CC1CCCC1CC1CC1(C)C,0.35294117647058826,CC1CCCC(C)(C)C1CO
CC(C)CC1CCC2CCCCC2C1,0.4838709677419355,O=CCC1CCC2CCCCC2C1
CCC1CCC2C(CCCC2(C)C)C1,0.35135135135135137,CC1CCCC(C)(C)C1CO
CC(C)C1CCC2CCCCC21,0.37037037037037035,OC1CCCCC1C1CCCCC1
OOOOOOOOOOOOOO,0.21428571428571427,CCOO
CCC(C)(C)C(C)CC(C)C,0.32142857142857145,CCC(C)(O)CCCC(C)C
CCCC1CCC(CCC2CCCCC2)C(CC)C1,0.3684210526315789,CCC(=O)O.CCCCCC1CCCCC1
CCC(C)C1CCCCC1CCCC1CCCCC1,0.38461538461538464,CCC(=O)O.CCCCCC1CCCCC1
CC(C)C(C)C(C)C(C)C(C)(C)C,0.20833333333333334,CCC(O)(CC(C)C)CC(C)C
CCCCC1(C)C(C)CC(C)CC1(C)C,0.2631578947368421,CCCCCC1OCC(C)(C)CO1
CCC(C)CC1CCC(C)CC1,0.3870967741935484,CCC(CO)C1CCC(C)CC1
CCC(C)CCCC1CCCCC1,0.4482758620689655,OCCCC1CCCCC1
CC1CC2(CC1C)C(C)CCCC2(C)C,0.3235294117647059,CC1CCCC(C)(C)C1C=O
CCC1CCC(C)CC1(C)C,0.3103448275862069,CCOC1CCC(C)CC1
CC1CCCCCCCCC1,0.5238095238095238,CC1CCCCCCCCCCC(=O)CC1
CC1CC2CCCCC2C2CC12,0.32142857142857145,OC1CCCCC1C1CCCCC1
CCC1CC(C2CCC(CCC3CC(C)CCC3C(C)C)C2)CCC1C,0.36,CCC(=O)OC1CC(C)CCC1C(C)C
CCCC(C)CC(C)(C)C,0.4482758620689655,CC(=O)OCCC(C)CC(C)(C)C
CCC1CCCC1CC(C)C,0.3,CC(C)C1CCCCC1.CCO
CCC(C)CCCC(C)CC(C)C,0.5,CCC(C)CCCC(C)C=O
CC(C)CC1CCC(C(C)(C)C)CC1,0.4230769230769231,CC(C)(C)C1CCC(O)CC1
CC(CCC1CCCCC1)CCC1CCCC1,0.4583333333333333,OCCC1CCCCC1
CC1CCC(C(C)(C)CC(C)C2CCCCC2C)CC1,0.43243243243243246,CC(O)CC(C)(C)C1CCCCC1
CCCC(C)(C)CC,0.35294117647058826,CCC(C)(C)O
CC1CCCC(C)CCC(C(C)C)C(C)CCC1,0.4482758620689655,CC1CCC(C(C)C)C(O)C1
CCCC1CCC(C)CC1,0.4166666666666667,CCOC1CCC(C)CC1
CCCC1CCC(CC2CC(CC)C(C)C(C)C2C)CC1,0.2894736842105263,CCCCCCCC1CCC(O)CC1
CC1CCC(C2CCCC2)C1,0.4782608695652174,OC1CCC2CCCCC2C1
CC1CCCC2(C)CCC(C(C)(C)C)CC12,0.3783783783783784,CC1CCCC(C)(C)C1C=O
CCCCCCCCC(C)CCCCCCC,0.7,CCCCCCCCCC(C)CO
CC(C)CCCC(C)CC(C)CC(C)C,0.56,COC(CC(C)CCCC(C)C)OC
CC1C2CC(C1C)C(C)(C)C2,0.3125,CC1CC(O)C2(C(C)C)CC12
CCCCCCCCCCCCCCCC(C)CCC,0.6363636363636364,CCCCCCCCCC(C)CO
CCCC(C)(CCC)C1CCCCC1,0.3870967741935484,CC(O)CC(C)(C)C1CCCCC1
CCCCCCCCCC(C)CC(C)C,0.5833333333333334,CCCCCCCCCC(C)CO
CC1CC(C)C2(CCC(C)C2)C(C)(C)C1,0.2558139534883721,CC1CCC2C(C1)C(C(C)C)CCC2(C)O
CCCCC(CC)CCC,0.6190476190476191,CCCCC(CC)CO
CCCCCCC(C)CC(C)C,0.5833333333333334,CCCCCCCCCC(C)CO
CCC(C)CCCC1(C)C2CCC(C2)C1C,0.32558139534883723,CC(O)C1C2CCC(C2)C1(C)C
CCC(CC)CC1CCCCC1,0.39285714285714285,CC(=O)O.CCC1CCCCC1
CCC1CCC(C2CC(C)C(C)C2)CC1,0.44,CCC1CCC(O)CC1
CCCC(C)C(C)(C)C(C)CC,0.37037037037037035,CCCCC(C)C(C)(C)O
CC1CC2CC(C)(C)CCC2(C)C1C,0.2571428571428571,CC1(C)[C@@H]2CC[C@]1(C)[C@H](O)C2
CCCC(C)CCC(CCC(C)CCC)CC(C)CCC,0.34615384615384615,CCCC(C)C(=O)O
CCCCCCCC(CCC)CC(C)C,0.46153846153846156,CCCCCCCC(C)O
CCCCCCCCCCCC(C)CCCCCCCC,0.7,CCCCCCCCCC(C)CO
CCCCCC1CC(C)C(C)C1C,0.4375,CCCCCCCC1CCCC1O
CCCC(C)CCC(C)CC(C)CCC,0.35,CCCC(O)CCC
CCC1(C)CC(C)(C)CCC1C,0.2571428571428571,CCC1CCC(C)(O)O1
CCCCC(C)C(C)C1CCCCC1,0.4482758620689655,CC(C)C1CCCCC1.CCO
CC1CC(C)(C)CC(C)C1C,0.2962962962962963,CC1CC(=O)CC(C)(C)C1
CCC(C)CCC1C(C)(C)CCC2C(C)(C)CCCC21C,0.40425531914893614,CCC12CCC3C(C)(C)CCCC3(C)C1CCO2
CCC1CCC(C2CCC(C)CC2)CC1,0.4782608695652174,CCC1CCC(O)CC1
CCCC(C)CCC(C)CC,0.5,CCC(C)CCO
CCCCC(C)CCC,0.4782608695652174,CCCCCCCCCC(C)CO
CC(C)C1CCCC(C)C1C,0.3793103448275862,CC1CCC(C(C)C)C(O)C1
CC(C)C1CCC2CCCC2C1,0.4,CC1CCC(C(C)C)CC1
CC1CC(C)C(C)CC1C,0.2608695652173913,CC1CC(C(C)(C)C)CCC1O
CCC1CCCC1CC,0.37037037037037035,CCCCCCCC1CCCC1O
CCCC(C)C1CCC(C)CC1C,0.3939393939393939,CC1CCC(C(C)C)C(O)C1
C1CCCC1,0.3333333333333333,C1CCC(C2CCCCC2)CC1
CCC1CC2CC(C(C)C)C1CC2C,0.2702702702702703,CC1CCC(C(C)C)C(O)C1
CC(C)CC1CCCCCCCCCCC1,0.4090909090909091,OCC1CCCCC1
CC1CCC2(CCC(C(C)C)CC2)C1,0.48,CC1CCC(C(C)C)CC1
CC1CCC(CC(C)CC2CCCCC2)CC1,0.37037037037037035,CC1CCC(C(C)C)CC1
CC(C)CCC(C)CCC(C)C,0.4375,CC(C)CCO
CC1CCCCC1C(C)CCCC1CCCCC1,0.3939393939393939,OCCCC1CCCCC1
CCCC(CC)C1CCCCC1,0.42857142857142855,CC(C)C1CCCCC1.CCO
CCC1CCC(C)C(C)C1,0.4166666666666667,CCC1CCC(O)CC1
CCCCC1CCCC(C)C1CC(C)C,0.39473684210526316,CCCCCCCC1CCCC1O
CC1CC(C)C(C)C(C(C)C)C1,0.3793103448275862,CC1CCC(C(C)C)C(O)C1
CCC(CC)CC(C)CCCCCCCCCCCCCCC(C)C,0.4482758620689655,COC(CC(C)CCCC(C)C)OC
CC(CCC1CCCC1)CC1CCCCC1,0.4074074074074074,OCCC1CCCCC1
CCC(C)C1CCCCC1CCC1CCC(CCCC(C)C)CC1,0.4146341463414634,CC(C)CCCC1CCC(=O)CC1
CC(C)CCCC(C)CCC1CCCC1,0.4411764705882353,CC(C)CCCC1CCC(=O)CC1
CC(C)CC1CCCCC1C(C)(C)C,0.41379310344827586,CC(C)(C)C1CCCCC1O
CCCCCCCCCC(CCC)CCC,0.5238095238095238,CCCCCCCCCC(O)O
CCCCCC1CCC(CCC)CC1CC,0.4117647058823529,CCCCCCCC1CCC(O)CC1
CC1(C)CCC2CC23C(C)(C)C2CCC13C2,0.3235294117647059,CC1(C)[C@@H]2CC[C@]1(C)[C@H](O)C2
CC(C)CCCC(C)C(C)C,0.5,CC(C)CCCC(C)O
CCCCCCCCCCC(CCC)C(C)CC,0.46153846153846156,CCCCCCCC(C)O
CCCCC1CC1CC,0.3548387096774194,CCCCCCCC1CCCC1O
CC1CCC(C)C(C(C)(C)C)C1,0.3333333333333333,CC1CCC(C(C)(C)O)CC1
CCCC(C)CC1CCC(CCC)CC1CC,0.24324324324324326,CCC1CCC(O)CC1
CCC(CC)C(C)C(C)C1CCCC(C)C1,0.3142857142857143,CC(C)C1CCCCC1.CCO
CCC1CCCC(C)(C)C12CCC(C)C2,0.275,CC1CCCC(C)(C)C1CO
CCC(C)CCC(C)CCC1CCCCC1,0.3793103448275862,OCCC1CCCCC1
CC(C)C1CC(C)C(C)C1,0.45,CC1CCC(C(C)C)CC1
CCC1CCC(C)C(CC)C1,0.38461538461538464,CCC1CCC(O)CC1
CCCC(C)C1CCC(C)C1,0.4074074074074074,CC1CCC(C(C)C)CC1
CCC1CC(C(C)C)CCC1C,0.4074074074074074,CC1CCC(C(C)C)CC1
CCC1CCC(C(CC)CC)CC1,0.4642857142857143,CCC(CO)C1CCC(C)CC1
CCCC1(CCC)CCCCC1,0.4074074074074074,CCCCCCCCCCCCC1(O)CCCCC1
CCCCCCCC(C)CCC1CCCCC1,0.4857142857142857,CCC(=O)O.CCCCCC1CCCCC1
CCCC(C)CC1CCCC1C,0.2894736842105263,CCCCCCCC1CCCC1O
CCCCCCCCCCCCCC(C)CCC(C)C,0.5833333333333334,CCCCCCCCCC(C)CO
CC(C)C1CCC(C)C2CC(C)C(C)CC12,0.4,CC1CCC(C(C)C)C(O)C1
CC(CC1CC2CCC1(C)C2(C)C)C1CCCCC1,0.45,CC(C)OC1CC2CCC1(C)C2(C)C
CCCCC(C)C1CCCCC1C,0.29411764705882354,CC(CO)C1CCCCC1
CCCCCC(C)C1CCC(C)CC1,0.46875,CC1CCC(C(C)CC=O)CC1
CCC(C)(C)CCCC(C)C(C)C,0.41379310344827586,CCC(C)(O)CCCC(C)C
CC1CC(C)C2CC(C(C)C)CC2C(C)C1,0.4166666666666667,CC1CCC(C(C)C)CC1
CC(C)C1CC2CCC1C2,0.4,OC1CC2CCC1C2
CCCCCC(C)CCCC(C)C,0.5416666666666666,CCCCCCCCCC(C)CO
CCCCCCCC(C)C(C)C,0.5833333333333334,CCCCCCCCCC(C)C(OC)OC
CC(C)C1CC2(C)CCC1C(C)C2,0.34146341463414637,CC1CCC2C(C1)C(C(C)C)CCC2(C)O
CC(C)CCCC(C)CC(C)(C)C,0.45161290322580644,C=CC(C)(O)CCCC(C)CCCC(C)CCCC(C)C
CCCC1CCC(C2CCCCC2)C1,0.4838709677419355,O=CCC1CCC2CCCCC2C1
CCC(C)CCC(C)CC(C)C,0.47619047619047616,CCC(C)CCO
CCC(C)CC(C)(CC(C)CC)C(C)CC,0.35714285714285715,CCC(C)CCCC(C)(C)O
CC(C)CC(C)(C)C1CCC(C)CC1,0.45161290322580644,CC(O)CC(C)(C)C1CCCCC1
CCCC(C)C1CC1C1CCC(C)CC1,0.3333333333333333,CC1CCC(C(C)C)C(O)C1
CCCC(C)(C)CCC(C)(C)CCC,0.3181818181818182,CCCCCCCC(C)(C)O
CCCCCC1C(C)CCC1CC(C)C,0.35,CCCCCC1C(=O)CCC1C
CCCC(C)CC(C)CC(C)C1CCCC(C)(C)C1,0.275,CC(CO)C1CCCCC1
CC1CCC2C(C1)CC(C)C2C,0.28125,CC1CCC(C(C)C)C(O)C1
CCCCC1CC(C)C(C)C1,0.3793103448275862,CCCCCCCC1CCC(O)CC1
CCCCCCC1CCCCC1CC,0.5862068965517241,CCCCCCCC1CCCC1O
CCC(CCC(C)C)CCC(C)C,0.5,CCC(O)CCC(C)C
CCCC1CC(CC)CCC1C,0.3448275862068966,CCC1CCC(O)CC1
CC(C)CC(C)(CC(C)C)C(C)C,0.36363636363636365,CCC(O)(CC(C)C)CC(C)C
CCCC(CCC)CC1CCCCC1,0.36666666666666664,CC(=O)O.CCC1CCCCC1
CCCC(C)CCC(C)C(C)C,0.3181818181818182,CCCC(O)CCC
CCCCCC(CC)CC(C)CC,0.4444444444444444,CCCCC(CC)CO
CCCCC1CCCC(C)C1,0.4117647058823529,CCC(=O)O.CCCCCC1CCCCC1
CCCC(C)C(C)CC(C)C,0.3333333333333333,CC(C)CC(C)O
CCC1CCCC1C,0.3225806451612903,CCCCCCCC1CCCC1O
CC(C)CC1CC(C)CC(C)C1,0.28125,CC(C)CC1CCC(=O)O1
CC(C)CC(C)CC1CCCCC1,0.35294117647058826,CC(C)OC(=O)CC1CCCCC1
CC(C)C1CCC2(C)CCCC(C)C2C1,0.35,CCC(=O)C1(C)CCC(C(C)C)CC1
CCC1(CC)CCCC1,0.3157894736842105,CC1(O)CCCC1
CCC(C)CC1CCCCC1CC,0.3225806451612903,CC(C)C1CCCCC1.CCO
CCC1CCC(C)(C)C1,0.34615384615384615,CCC1CCC(O)CC1
CC1CCC2(C)C(C)(C)C3CCC2(C)C1C3,0.42424242424242425,CC1(C)[C@@H]2CC[C@]1(C)[C@H](O)C2
CCC1CCC(CC)C(C)C1,0.38461538461538464,CCC1CCC(O)CC1
CCCC(C)C(C)C(C)C(C)CCC,0.3888888888888889,CCCC(O)CCC
CC(C)CC(C)CCC1CCCCC1,0.39285714285714285,OCCC1CCCCC1
C=C=C=C=C=C=C=C=C=C=C=C=C=C=C=C,0.10526315789473684,C=CCC#N
CCCCCC(C)CCC(C)CC,0.5416666666666666,CCCCCCCCCC(C)CO
CCC1C(C)CCC1C(C)C,0.3548387096774194,CC1CCC(C(C)C)C(O)C1
CC(CCC(C)C(C)C)CC1CC(C)CCC1C(C)C,0.40540540540540543,CC1CCC(C(C)C)C(O)C1
CCCCCCC1CCC(CC)C1,0.5714285714285714,CCCCCCCC1CCC(O)CC1
CCC(C)C(C)CC1CC(C)CCC1C(C)C,0.4411764705882353,CC1CCC(C(C)C)C(O)C1
CCCC(C)C1CCCC(C(C)C)C1,0.43333333333333335,CC(C)C1CCCCC1.CCO
CCC1CCC(CC(C)CCC2CCCCC2C(C)CC)CC1,0.2857142857142857,CC(=O)O.CCC1CCCCC1
CC(C)C(C)CCC1CCCC1,0.38461538461538464,OCCC1CCCCC1
CCC(C)CCCC(C)(CC)CC(C)C,0.5517241379310345,CCC(C)CCCC(C)(C)O
CC1(C)CCC(C)(C2CCCCC2)CC1,0.2903225806451613,CC1(C)[C@H]2CC[C@](C)(C2)[C@H]1O
CCCC(C)(C)C1CCCCC1,0.4827586206896552,CC(O)CC(C)(C)C1CCCCC1
CCC(C)CCCC(C)CC,0.6190476190476191,CCC(C)CCCC(C)C=O
CCCC(C)C(C)C(C)C(C)C,0.3333333333333333,CCCC(O)CCC
CCCCC(C)CCCC1CCCCC1,0.5151515151515151,CCC(=O)O.CCCCCC1CCCCC1
CCCC(C)CC(C)CC1CCCCC1,0.3333333333333333,CC(C)C1CCCCC1.CCO
o1oooo1,0.16666666666666666,S=C=S
CC1(C)CC2CCC1(C)C2(C)C,0.34146341463414637,CC(=O)O.CC1(C)C2CCC(C)(C3(C)CCC4CC3(C3(C)CCC5CC3C5(C)C)C4(C)C)C1C2
CCCCCCCCC(C)C(C)CC,0.56,CCCCCCCCCC(C)C(OC)OC
CC1CC(CC(C)C2CCCC2C)CC(C)(C)C1,0.2826086956521739,CC(=O)OC1CC(C)CC(C)(C)C1
CC1CCCC(C)(C)CC1C,0.4,CC1CCCC(C)(C)C1C=O
CCC(C)C1CCCCC1C(C)C,0.40625,CCC(C)C1CCCCC1=O
C1CCC2CCCC2C1,0.8,C1CCC(C2CCCCC2)CC1
CC(C)CCC(C)CCCC1(C)C2CC3C(C2)C31C,0.425,CC(C)=CCCC1(C)C2CC3C(C2)C31C
CCC(C)C1CCCCC1CCC1CCC(C)CC1C,0.325,CC1CCC(C(C)C)C(O)C1
CCC(C)CC(C)CCC1CCCCC1,0.36666666666666664,OCCC1CCCCC1
CC1CCCCCCCCCCCC(C)CCCC1,0.5238095238095238,CC1CCCCCCCCCCC(=O)CC1
CCC(C)CC1CC2CC1C1CCCC21,0.38235294117647056,OC1CC2CC1C1CCCC21
CCCCCCC(C)CCC,0.6363636363636364,CCCCCCCCCC(C)CO
OOOOOOOOO,0.21428571428571427,CCOO
CC1CCCC(C)CCC(C(C)C)CC1,0.8333333333333334,CC1CCC(C(C)C)CC1
CCCCCCC(C)C1CCCCC1,0.4827586206896552,CC(CO)C1CCCCC1
CCC(C)C(C)CC(C)(C)C,0.34615384615384615,CC(CC=O)CC(C)(C)C
CC1CCC(C)C(C)C1C,0.28,C=C(C)C1CCC(C)C(O)C1
CCCCCCCCCCCCCCCCCC(C)CCC(C)C,0.5833333333333334,CCCCCCCCCC(C)CO
CCCCC1CC(C)C(C(C)C)C1,0.3055555555555556,CCCCCCCC1CCC(O)CC1
CCCCCC(CC)CC(C)C,0.46153846153846156,CCCCC(CC)CO
CC(C)C1CCC(C)(C)C23CCC(C)(CC2)CC13,0.32558139534883723,CC1CCC2C(C1)C(C(C)C)CCC2(C)O
CCCCCC(CC)CC,0.5714285714285714,CCCCC(CC)CO
OOOOOOOOOOOOOOOOO,0.21428571428571427,CCOO
CC(C)CC(C)CCCCC(C)CC(C)C,0.4583333333333333,COC(CC(C)CCCC(C)C)OC
CC1CC(C)CC(C)(C)C1,0.48148148148148145,CC(=O)OC1CC(C)CC(C)(C)C1
CC1CCC(C(C)C2CCCC2)C1C,0.3225806451612903,CC(CO)C1CCCCC1
CC(C)CC1CCC(C)C1,0.3793103448275862,CC1CCC(C(C)C)C(O)C1
CCCCCCCCCCCCCC(C)C(C)C,0.5833333333333334,CCCCCCCCCC(C)C(OC)OC
CC(C)CC1CC(C(C)C)CCC1C,0.39285714285714285,CC1CCC(C(C)C)CC1
CCC(C)CCC(C)(C)C(CC)C(C)C,0.4482758620689655,CCC(C)CCCC(C)(C)O
CCCCC(CC)C1CCCCC1,0.4,CC(C)C1CCCCC1.CCO
CCC(C)C1CCCCCCCCCCC1,0.6086956521739131,CC(CO)C1CCCCC1
CC(C)CCCC(C)CCCC1CCCCC1,0.5151515151515151,CC(C)CCCC1CCC(=O)CC1
CCCCCC(CC)CCC,0.5217391304347826,CCCCC(CC)CO
CCC1CCCCC1(CC)CC,0.28125,CC(=O)O.CCC1CCCCC1
CCC(C)CCC(C)(C)CC1C(C)CCC1C(C)C,0.325,CCC(C)CCCC(C)(C)O
CCCCCCCC1CC(C)CC1C,0.42424242424242425,CCCCCCCC1CCCC1O
CCCC(C)(C)CC1CCCCC1,0.38235294117647056,CCC(=O)O.CCCCCC1CCCCC1
CCCC(C)CCCCC(C)CCC,0.5,CCCCCCCCCC(C)CO
CC(C)CCCC(CCCC(C)C)CC(C)C,0.47619047619047616,CC(C)CCCC(C)O
NNNNNN(N)NN(N)N,0.05714285714285714,COC(=O)c1ccccc1
CCCCCCCCC(C)C(C)(C)C(C)CCC,0.48148148148148145,CCCCC(C)C(C)(C)O
CCCCCC(CCC(C)CC(C)C)CC1CCCCC1,0.3488372093023256,CCC(=O)O.CCCCCC1CCCCC1
CCCC(CCC(C)C)C(C)C,0.5454545454545454,CC(C)CCC(CO)C(C)C
CC(C)CCC(C)CCCCC(C)CCC(C)C,0.4583333333333333,CC(C)CCCC(C)CCCC(C)C=O
CCCCCC(CCCCC)CCCC(C)C,0.4782608695652174,CCCCCC(C)O
CCCCCCCC,1.0,CCCCCCC
CCCC(CCC)C(C)C,0.3888888888888889,CCCC(O)CCC
C1=CC2C=CC=CC2C=C1,0.21428571428571427,C1=CC2C=CC1C2
o1oooooo1,0.16666666666666666,S=C=S
CCCCCCCC(C)CCCC(C)CCC(C)CC,0.56,CCCCCCCCCC(C)CO
CCCCC1C2CCC(C2)C1C,0.3055555555555556,CCCCC1CCOC1=O
CCCCCC(C)CC(C)(CC)CCCC(C)C,0.45454545454545453,CCC(C)(O)CCCC(C)C
CCCCCCCCCCCC(C)CC(C)C,0.5833333333333334,CCCCCCCCCC(C)CO
CCCCCCCC(CCCCC)CCCC(C)C,0.5,CCCCCCCC(C)O
CCCCC(C)CCCCC1CCCCC1,0.5454545454545454,CCC(=O)O.CCCCCC1CCCCC1
CCCCCCCC(C)C(C)CCC,0.5833333333333334,CCCCCCCCCC(C)C(OC)OC
CCCC(C)(CC)CCCC(C)C,0.5555555555555556,CCC(C)(O)CCCC(C)C
CCC(CC)CC(C)C,0.3888888888888889,CC(C)CC(C)O
CCCCCCC1CCC(CCC)CC1CC,0.4411764705882353,CCCCCCCC1CCC(O)CC1
CCCCC(CC)C(C)CC,0.4166666666666667,CCCCC(O)CC
CCCC1CCCCC1CC,0.3548387096774194,CCCCCCCC1CCCC1O
CCC(C)CCC1CCCC1,0.38461538461538464,CCC(C)CCO
CC1CCCCCCCCCCCCCCC1C,0.42857142857142855,C1CCC(C2CCCCC2)CC1
CC1CCC(CC(C)C(C)C)CC1,0.43333333333333335,CC(C)C1CCC(CC(C)C(C)O)CC1
CCCCCCCCCC(C)C1CCCC1,0.4482758620689655,CC(CO)C1CCCCC1
CCCCCCCCCCCCCCCC(C)CCCC(C)CCCC(C)CCCC(C)C,0.5833333333333334,CCCCCCCCCC(C)CO
CCCCCC(C)C1CCCC1,0.4642857142857143,CC(CO)C1CCCCC1
CCC1CCCC1C(C)C,0.3448275862068966,CC(C)C1CCCCC1.CCO
CCCCCCCC1CC1C(C)C,0.42424242424242425,CCCCCCCC1CCCC1O
CC,0.25,CS
CCC1CCCCC1C(C)C,0.39285714285714285,CC(C)C1CCCCC1.CCO
CC(C)CCC1(C)CC(C)CC(C)C1C,0.2926829268292683,CC(C)CCC1C(=O)CCC1C
CCCC1CCC(CC(C)C2CCCCC2)C(CC)C1,0.3684210526315789,CC(CO)C1CCCCC1
NNNNNNN,0.07407407407407407,CCCC#CC(=O)OC
C=C=C=C,0.125,S=C=S
CCCC(C)C(CC)CCC,0.3333333333333333,CCCC(O)CCC
CCCCCC(CC)CC1CCC(C)CC1,0.36363636363636365,CCCCC(CC)CO
NNNN,0.07692307692307693,O=C(O)CC(=O)O
CCC(C)CC1CCC(CC)CC1,0.44,CCC1CCC(O)CC1
CCC1CCCC(C)C1,0.39285714285714285,CC(=O)O.CCC1CCCCC1
CCC1CCC(C(C)CCC(C)C)CC1,0.39285714285714285,CCC1CCC(O)CC1
CCC(C)C1CC1(C)C1CC2CCC1C2,0.27906976744186046,COC(=O)C1CC2CCC1C2
CC(C)C1CCCCC1C,0.4074074074074074,CC1CCC(C(C)C)C(O)C1
OOOOOO,0.23076923076923078,CCOO
CC1CCC(C(C)(C)CC(C)CCC2CCCCC2)CC1,0.4594594594594595,CC(O)CC(C)(C)C1CCCCC1
CCC1(C)CCC(CCC(C)C)C(C)(C)C1C(C)C,0.26666666666666666,CC(C)CCC1CCC(=O)O1
CCC(C)(C)C1CCC(C)CC1,0.625,CCC(C)(C)C1CCC(O)CC1
CC(C)C1CC2C(C)CC1CC2C1CCCC1,0.34285714285714286,CC1CCC(C(C)C)C(O)C1
CCC(C)CCC1CCC(C)C1(C)C,0.3125,CCC(C)CCO
CCCC1CC(C)C2CC(C(C)C)CC2C(C)C1,0.2972972972972973,CC(C)C1CCC(CCCO)CC1
CCCC(C)C(C)CC(C)CC,0.375,CCC(C)CCO
CCC(C)C1CCC(C(C)C)CC1,0.6086956521739131,CC(C)C1CCC(C(C)CO)CC1
CC(C)CC(C)CC1CCC(C)CC1,0.37037037037037035,CC1CCC(C(C)C)CC1
CCCCCC1CCCC(CCC)C1,0.5161290322580645,CCC(=O)O.CCCCCC1CCCCC1
CCCCCC(CCC)CCCC,0.4782608695652174,CCCCC(CC)CO
CC1C2CCC(C3(C)CCCCC3)(C2)C1(C)C,0.3333333333333333,CC1C2CCC1(C)C(=O)C2
CCCC(C)CCC(C)C1CCCCC1,0.4827586206896552,CC(CO)C1CCCCC1
CC1CCCC(C)C12CCC(C(C)(C)C)C2,0.36363636363636365,CC(C)(C)C1CCC2(CC1)OCCO2
CCC1(C)CC(C)C(C)C(C)C1C,0.23529411764705882,CC1CC(=O)CC(C)(C)C1
CCC(C)CC(C)C,0.4,CCC(C)CCO
CC1CCC2C(C)CC(C)C2C1,0.34285714285714286,CC1CCC2C(C1)C(C(C)C)CCC2(C)O
CC1CCCCC1C(C)CC1CCC2CCCCC2C1,0.39473684210526316,O=CCC1CCC2CCCCC2C1
CC(C)C1CCCC(C2CCCCC2)C1,0.48148148148148145,CC(C)C1CCCCC1.CCO
CC1CCC2(C1)C(C)CCC(C)C2(C)C,0.2894736842105263,C[C@@H]1CC[C@H]2C(C)(C)[C@H]3C[C@@]12CC[C@@]3(C)O
CC(C)CCCC(C)CCCC(C)CCCCC(C)CCCC(C)CCCC(C)C,0.5909090909090909,CC(C)CCCC(C)CCCC(C)C=O
CCC(C)C1CCCCC1CC(C)C,0.3611111111111111,CCC(C)C1CCCCC1=O
CC1CCCC(C)CCC2CC2(C)CCC1,0.3333333333333333,CC1(C)[C@H]2CC[C@](C)(C2)[C@H]1O
CC1CCCCCCCCCCC(C)CCCC1,0.5238095238095238,CC1CCCCCCCCCCC(=O)CC1
CCCCCC1CC(C)CC(C)C1C(C)CCC,0.30952380952380953,CCCCCCCC1CCCC1O
CC1CC(C)C2(CCCCCC2)C1(C)C,0.28,CC1(O)CCCC1
CCC(C)(CCCC(C)C)CC(C)C1CCCCC1C,0.375,CCC(C)(O)CCCC(C)C
CCCC1CCC(CC(C)C)C(CC)C1,0.2647058823529412,CCC1CCC(O)CC1
CC(C)CC1CCCCC1,0.4090909090909091,OCC1CCCCC1
CCCC1CC2CCC1(C)C2(C)C,0.4838709677419355,CC1(C)[C@@H]2CC[C@]1(C)[C@H](O)C2
CCCC(C)CC(C)CCC,0.3888888888888889,CCCC(O)CCC
CCCCCCCC1CCCC1,0.6923076923076923,CCC(=O)O.CCCCCC1CCCCC1
CC(C)CC(C)C(C)CC1C(C)CCCC1(C)C,0.5142857142857142,CC1CCCC(C)(C)C1CO
CC1C2CC3CC1C(C)C(C2)C3C,0.23076923076923078,O=CC1CC2C3CCC(C3)C2C1
CCCC(C)CCC(C)C,0.4090909090909091,CCC(O)CCC(C)C
CCCCCCCCCCCC(C)CCCCC,0.7,CCCCCCCCCC(C)CO
CCC(CCC(C)C)C(C)C,0.5714285714285714,CC(C)CCC(CO)C(C)C
CCCCC(C)C(C)(C)C,0.6363636363636364,CCCCC(C)C(C)(C)O
CCCCC1CC1CCCC,0.39285714285714285,CCCCCCCC1CCCC1O
CCCC(C)CCC(CC)CC,0.34615384615384615,CCCCC(CC)CO
CC(C)CC1CCC2C3CCC(C3)C12,0.2727272727272727,O=CC1CC2C3CCC(C3)C2C1
CCCCCC(C)CC(C)C,0.5416666666666666,CCCCCCCCCC(C)CO
CCCC(C)CC(C)CC(C)(C)C,0.39285714285714285,CC(CC=O)CC(C)(C)C
CC(C)CCCCC1CCC(C)CC1,0.5,CC(C)CCCC1CCC(=O)CC1
CC1CCCC2(CCCCC2)C1,0.2903225806451613,CC1CCCCCCCCCCCCC(=O)C1
CC(C)CC1CCC(C)C(C)C1,0.29411764705882354,CC(C)C1CCC(CC(C)C(C)O)CC1
CCCCC(C)CC,0.5217391304347826,CCC(C)CCCC(C)(C)O
CCCCC(C)CC(C)CCCC,0.4782608695652174,CCCCCCCCCC(C)CO
CCC(C)CC1CCCCCCC1,0.39285714285714285,CC(C)C1CCCCC1.CCO
CC(C)C(C)CC1CC2CCC1(C)C2(C)C,0.4594594594594595,CC(C)OC1CC2CCC1(C)C2(C)C
CCC(C)C1CCCCC1C,0.3939393939393939,CCC(C)C1CCCCC1=O
C1CCC2C(C1)CC1CCCCC12,0.4666666666666667,C1CCC(C2CCCCC2)CC1
CC(C)C(C)C1CCCC1,0.43478260869565216,CC(CO)C1CCCCC1
CCCC1(C(C)(C)C)CCC(C)C1,0.23684210526315788,CCC(C)(C)C1CCC(=O)CC1
CC(C)CCCC(C)C(C)C1CCCCC1,0.4,CC(CO)C1CCCCC1
CCC(C)CCC(C)CC(C)C(C)CCC(C)CC,0.43478260869565216,CCC(C)CCO
CCCC(C)CC1CCCC1C1CCCC1,0.41025641025641024,COC(=O)CC1CCCC2CCCCC21
CCCCCCCCCCCCC(C)CC,0.6363636363636364,CCCCCCCCCC(C)CO
CC(C)CCCC(CCCC(C)C)C1CCCCC1,0.41379310344827586,CC(CO)C1CCCCC1
CC(C)CCC(C)C(CC(C)CCC(C)C(C)C)C(C)C,0.34375,COC(CC(C)CCCC(C)C)OC
CCCCCCC(C)CCCCCC,0.7,CCCCCCCCCC(C)CO
CCCCCC(CC)C1CCC(C)CC1,0.5666666666666667,CCC(CO)C1CCC(C)CC1
CCCCCC1CC2CC1C1CCCC21,0.45714285714285713,CCCCCCCC1CCCC1O
CCCCCCCCCCCCC(CCC)CCC,0.5238095238095238,CCCCCCCCCC(O)O
CCCC1CCC(C)C(C2CC(CCC)CCC2C)C1,0.30303030303030304,CCCCCCCC1CCC(O)CC1
CCCC(C)CC(C)CC,0.4090909090909091,CCC(C)CCO
CC1CCC2CC2(C)CCC2C1CC2(C)C,0.3333333333333333,CC1(C)[C@H]2CC[C@](C)(C2)[C@H]1O
CCCCCCCCC(C)CC(C)C,0.5833333333333334,CCCCCCCCCC(C)CO
CC(C)CC(C)C1CCCCC1C,0.3225806451612903,CC(CO)C1CCCCC1
CC1CCC(C2CCCCC2)C1,0.5,C1CCC(C2CCCCC2)CC1
CCC(C)CCCC(C)(CC)CC,0.64,CCC(C)CCCC(C)(C)O
CCC1CC2C3CCC(C3)C2C1,0.38461538461538464,O=CC1CC2C3CCC(C3)C2C1
CCC1CCC(CC(C)CCCC(C)C)C1,0.34285714285714286,CC(C)CCCC(C)CC=O
CC(C)(C)CCC1CCCCC1,0.4782608695652174,OCCC1CCCCC1
CC1CCC(C(C)(C)C)C(C)C1,0.3333333333333333,CC1CCC(C(C)(C)O)CC1
CCC(C)(CCCC(C)C)CC(C)C(C)C,0.5,CCC(C)(O)CCCC(C)C
CCCCCCCCCCCC(C)CC(C)CCC,0.5833333333333334,CCCCCCCCCC(C)CO
CCC(C)CCC(C)CCCC(C)C,0.5,CC(C)CCCC(C)CCCC(C)C=O
CC(C)CC1CCCCC1C,0.3,CC(CO)C1CCCCC1
CC1CCC2C(C1)C2(C)C,0.37142857142857144,CC1CCC2C(C1)C(C(C)C)CCC2(C)O
CCCC1CCC(CC)C(C)C1,0.3,CCC1CCC(O)CC1
CCC(C)CCC(C)C1CCCCC1C,0.3225806451612903,CCC(C)CCO
NNNNN(N)n1[nH][nH][nH][nH]1,0.0625,CCC=CCO
NN(N)NN(N)NN(N)N,0.06451612903225806,COC(=O)c1ccccc1N
CCC(C)C(C)CCC1CCCCC1,0.39285714285714285,OCCC1CCCCC1
CC1CCCCC1CCC1CCCC1,0.38461538461538464,OCCC1CCCCC1
CC(CCCCC1CCCCC1)C1CCCCC1,0.4666666666666667,CC(CO)C1CCCCC1
CC1CC(C)C23CC1C(C)(C)C2CCC3C,0.32558139534883723,C[C@@H]1CC[C@H]2C(C)(C)[C@H]3C[C@@]12CC[C@@]3(C)OC=O
CCC1C2(C)CCCC1(C)CC2,0.2903225806451613,CCC1CCC(C)(O)O1
CC1CC(C)CC(C)(C2CCCCC2)C1,0.29411764705882354,CC1CCCCCC(=O)C1(C)C
CCCCCC(C)C1CCCCC1,0.5,CC(CO)C1CCCCC1
CCCCCCCC1CCCCC1,0.7307692307692307,CCC(=O)O.CCCCCC1CCCCC1
CCCCCCCCC(C)CCCC,0.6666666666666666,CCCCCCCCCC(C)CO
CCCC(CC)CC,0.42857142857142855,CCCCC(CC)CO
CCCCCC(C)CCCC,0.6190476190476191,CCCCCCCCCC(C)CO
CCCC(C)C(CC)CC,0.35,CCCC(O)CCC
CCCCCC(CCC)CCCC(C)CCC,0.48148148148148145,CCCCCCCCCC(C)CO
CCC(C)(C)CCCC(C)C,0.625,CCC(C)(O)CCCC(C)C
CCCC1CCC(C)C1(C)C,0.2926829268292683,C=C1CCC(C)C(C)(C)C1CCC(C)=O
CCCC1CCC(C)C(CCC)C1,0.29411764705882354,CCCCCCCC1CCC(O)CC1
CC1CCCC(CC2CCCCC2)C1,0.34615384615384615,OCC1CCCCC1
CC1C2CCCCC2C(C)(C)C1C,0.2727272727272727,CC1C(O)CC2CC1C2(C)C
CCCC(C)C(C)C(CC)C(C)C,0.2916666666666667,CCCC(O)CCC
CCCCCCCCCCCC(C)CCC1CCCCC1,0.4857142857142857,CCC(=O)O.CCCCCC1CCCCC1
CC(C)C1CC2CC(C(C)C)C1CC2C,0.3333333333333333,CC1CCC(C(C)C)C(O)C1
C=C=C=C=C=C=C,0.10526315789473684,C=CCC#N
CCCCCC(C)C(C)CCC,0.5416666666666666,CCCCCCCCCC(C)C(OC)OC
CC(C)C1(C)CCC2CCCC(C)(C)C2C1C,0.34210526315789475,CC1CCCC(C)(C)C1CO
CC1CCCCC1C,0.391304347826087,CC(=O)OC1CCCCC1C
CC1CCCCCCCCCCCCCC1C,0.42857142857142855,C1CCC(C2CCCCC2)CC1
CCCC(C)C(CC)C(C)C,0.3181818181818182,CCCC(O)CCC
CCC1CC(C)CC1CC,0.2916666666666667,CCOC1CCC(C)CC1
CC(C)CCC1(C)C(C)CC(C)CC1(C)C,0.2727272727272727,CC(C)CCCC1CC(C)CCC1=O
CCCC1CCC2CCCCC2C1,0.5,O=CCC1CCC2CCCCC2C1
CCC1CC2C3CC(CC)C(C3)C2C1,0.26666666666666666,CCC1CCC(O)CC1
CCCCCC(C)C,0.5789473684210527,CCCCCC(C)O
CCCCCCC(CC(C)C)C(C)CCC,0.42857142857142855,CCCCCCCC(C)O
CCCCCC(C)CC(C)C1CCCCC1C,0.37142857142857144,CCCCCCCCCC(C)CO
CCCCCC(C)C1CCC(C)C(CC)C1,0.3157894736842105,CCCCCCC(OC(C)C)OC(C)C
CCCCCCCCCC(C)CC(C)CCC,0.5833333333333334,CCCCCCCCCC(C)CO
CCC1C(C)CC(C)C1C,0.24,CCC1CCC(CC)O1
CC(C)CC(C)C(C)C(C)C,0.3684210526315789,CC(C)CC(C)O
CC(CCCC1CCCCC1)C1CCCC1,0.4827586206896552,CC(CO)C1CCCCC1
CCCCCCCCC(C)CCC(C)C,0.5833333333333334,CCCCCCCCCC(C)CO
CCC(C)CCC(C)C(C)C,0.47619047619047616,CCC(C)CCO
NN(N)N(N)N,0.07142857142857142,CC(C)C(=O)O
CC1CCCC(CC(C)CC2CCCCC2)C1,0.3157894736842105,CC(C)OC(=O)CC1CCCCC1
CCC1CCC2CCCC2C1,0.4827586206896552,O=CCC1CCC2CCCCC2C1
CC1CCC2C1C1C(CCC2(C)C)C1(C)C,0.6774193548387096,C[C@H]1CC[C@H]2[C@@H]1C1C(CC[C@@]2(C)O)C1(C)C
CCCC(C)CC,0.5555555555555556,CCC(C)CCO
CCC(C)CCCC(C)CCCC(C)CC,0.5909090909090909,CCC(C)CCCC(C)C=O
CCC1CCC(CC(C)C)CC1,0.4782608695652174,CCC1CCC(O)CC1
CCCC(C)CCCCC1CCCCC1,0.5,CCC(=O)O.CCCCCC1CCCCC1
CC(C)CCCCCCCCCCCC(CCCCCCCCCCCC(C)C)CC(C)CCCC(C)C,0.5185185185185185,COC(CC(C)CCCC(C)C)OC
CCCCCCCCC(C)CC1CCCCC1,0.45161290322580644,CCCCCCCCCC(C)CO
CCCCCCCC(CCCCCCC)CC(C)C,0.5,CCCCCCCC(C)O
CC1CC(C)C(C)C(C)C1,0.2692307692307692,C=C(C)C1CCC(C)CC1O
